Workbook

Sheet Extrato
C3: Saldo Inicial | D3: Lay CS | E3: Lay Zebra | F3: Botbet | G3: LG Zebra | H3: Valida | I3: Revalida | J3: Masterlist | K3: LTD + 1x1 | L3: Sniperback | M3: Under 4,5 | N3: BnR | O3: Over Limite 2ºT | P3: BetFlow | Q3: Free Fire | R3: Scalping Under 2,5 | S3: LG Favorito | T3: Dutching | U3: Projeto +EV | V3: Over Triplex | W3: Meta 5 Pro | X3: Trading | Y3: Lay Super Zebra | Z3: Longo Prazo | AA3: Over Alavancado | AB3: LTD | AC3: OMQB | AD3: Back FT/HT | AE3: AILA | AF3: Guffo | AG3: Value Bets | AH3: Arbitragem | AI3: SuperOdds | AJ3: Saques e Depósitos | AK3: Ajuste Caixa | AL3: Saldo Fulltbet | AN3: Saldo Inicial | AO3: BetFlow | AP3: Lay Zebra | AQ3: Masterlist | AR3: LG Zebra | AS3: Lay 2x2 | AT3: BnR | AU3: Sniperback | AV3: LTD + 1x1 | AW3: Revalida | AX3: Valida | AY3: LG Favorito | AZ3: Dutching | BA3: Meta 5 Pro | BB3: Back FT/HT | BC3: Saques e Depósitos | BD3: Ajuste | BE3: Saldo BetBra | BG3: Saldo Inicial | BH3: LTD + 1x1 | BI3: Revalida | BJ3: Lay Zebra | BK3: BnR | BL3: LG Zebra | BM3: Dutching | BN3: Saques e Depósitos | BO3: Ajuste | BP3: Saldo Bolsa
B4: 45989 | D4: =SUMIFS(#REF!,#REF!,Extrato!$B4,#REF!,Extrato!D$3) -> #REF! | E4: =SUMIFS(#REF!,#REF!,Extrato!$B4,#REF!,Extrato!E$3) -> #REF! | F4: =SUMIFS(#REF!,#REF!,Extrato!$B4,#REF!,Extrato!F$3) -> #REF! | G4: =SUMIFS(#REF!,#REF!,Extrato!$B4,#REF!,Extrato!G$3) -> #REF! | H4: =SUMIFS(#REF!,#REF!,Extrato!$B4,#REF!,Extrato!H$3) -> #REF! | I4: =SUMIFS(#REF!,#REF!,Extrato!$B4,#REF!,Extrato!I$3) -> #REF! | J4: =SUMIFS(#REF!,#REF!,Extrato!$B4,#REF!,Extrato!J$3) -> #REF! | K4: =SUMIFS(#REF!,#REF!,Extrato!$B4,#REF!,Extrato!K$3) -> #REF! | ... O4: =SUMIFS(#REF!,#REF!,Extrato!$B4,#REF!,Extrato!O$3) -> #REF! | P4: =SUMIF(BetFlow!B:B,B4,BetFlow!J:J) -> 0 | Q4: =SUMIFS(#REF!,#REF!,Extrato!$B4,#REF!,Extrato!Q$3) -> #REF! | R4: =SUMIFS(#REF!,#REF!,Extrato!$B4,#REF!,Extrato!R$3) -> #REF! | S4: =SUMIFS(#REF!,#REF!,Extrato!$B4,#REF!,Extrato!S$3) -> #REF! | T4: =SUMIFS(#REF!,#REF!,Extrato!$B4,#REF!,Extrato!T$3) -> #REF! | U4: =SUMIFS(#REF!,#REF!,Extrato!$B4,#REF!,Extrato!U$3) -> #REF! | V4: =SUMIFS(#REF!,#REF!,Extrato!$B4,#REF!,Extrato!V$3) -> #REF! | W4: =SUMIFS(#REF!,#REF!,Extrato!$B4,#REF!,Extrato!W$3) -> #REF! | X4: =SUMIFS(#REF!,#REF!,Extrato!$B4,#REF!,Extrato!X$3) -> #REF! | ... AI4: =SUMIFS(#REF!,#REF!,Extrato!$B4,#REF!,Extrato!AI$3) -> #REF! | AJ4: 0 | AL4: 1350.05
B5: 45990 | C5: =AL4 -> 1350.05 | D5: =SUMIFS(#REF!,#REF!,Extrato!$B5,#REF!,Extrato!D$3) -> #REF! | E5: =SUMIFS(#REF!,#REF!,Extrato!$B5,#REF!,Extrato!E$3) -> #REF! | F5: =SUMIFS(#REF!,#REF!,Extrato!$B5,#REF!,Extrato!F$3) -> #REF! | G5: =SUMIFS(#REF!,#REF!,Extrato!$B5,#REF!,Extrato!G$3) -> #REF! | H5: =SUMIFS(#REF!,#REF!,Extrato!$B5,#REF!,Extrato!H$3) -> #REF! | I5: =SUMIFS(#REF!,#REF!,Extrato!$B5,#REF!,Extrato!I$3) -> #REF! | J5: =SUMIFS(#REF!,#REF!,Extrato!$B5,#REF!,Extrato!J$3) -> #REF! | K5: =SUMIFS(#REF!,#REF!,Extrato!$B5,#REF!,Extrato!K$3) -> #REF! | ... O5: =SUMIFS(#REF!,#REF!,Extrato!$B5,#REF!,Extrato!O$3) -> #REF! | P5: =SUMIF(BetFlow!B:B,B5,BetFlow!J:J) -> 0 | Q5: =SUMIFS(#REF!,#REF!,Extrato!$B5,#REF!,Extrato!Q$3) -> #REF! | R5: =SUMIFS(#REF!,#REF!,Extrato!$B5,#REF!,Extrato!R$3) -> #REF! | S5: =SUMIFS(#REF!,#REF!,Extrato!$B5,#REF!,Extrato!S$3) -> #REF! | T5: =SUMIFS(#REF!,#REF!,Extrato!$B5,#REF!,Extrato!T$3) -> #REF! | U5: =SUMIFS(#REF!,#REF!,Extrato!$B5,#REF!,Extrato!U$3) -> #REF! | V5: =SUMIFS(#REF!,#REF!,Extrato!$B5,#REF!,Extrato!V$3) -> #REF! | W5: =SUMIFS(#REF!,#REF!,Extrato!$B5,#REF!,Extrato!W$3) -> #REF! | X5: =SUMIFS(#REF!,#REF!,Extrato!$B5,#REF!,Extrato!X$3) -> #REF! | ... AI5: =SUMIFS(#REF!,#REF!,Extrato!$B5,#REF!,Extrato!AI$3) -> #REF! | AJ5: 0 | AK5: -84.15 | AL5: =SUM(C5:AK5) -> #REF!
B6: 45991 | C6: =AL5 -> #REF! | D6: =SUMIFS(#REF!,#REF!,Extrato!$B6,#REF!,Extrato!D$3) -> #REF! | E6: =SUMIFS(#REF!,#REF!,Extrato!$B6,#REF!,Extrato!E$3) -> #REF! | F6: =SUMIFS(#REF!,#REF!,Extrato!$B6,#REF!,Extrato!F$3) -> #REF! | G6: =SUMIFS(#REF!,#REF!,Extrato!$B6,#REF!,Extrato!G$3) -> #REF! | H6: =SUMIFS(#REF!,#REF!,Extrato!$B6,#REF!,Extrato!H$3) -> #REF! | I6: =SUMIFS(#REF!,#REF!,Extrato!$B6,#REF!,Extrato!I$3) -> #REF! | J6: =SUMIFS(#REF!,#REF!,Extrato!$B6,#REF!,Extrato!J$3) -> #REF! | K6: =SUMIFS(#REF!,#REF!,Extrato!$B6,#REF!,Extrato!K$3) -> #REF! | ... O6: =SUMIFS(#REF!,#REF!,Extrato!$B6,#REF!,Extrato!O$3) -> #REF! | P6: =SUMIF(BetFlow!B:B,B6,BetFlow!J:J) -> 0 | Q6: =SUMIFS(#REF!,#REF!,Extrato!$B6,#REF!,Extrato!Q$3) -> #REF! | R6: =SUMIFS(#REF!,#REF!,Extrato!$B6,#REF!,Extrato!R$3) -> #REF! | S6: =SUMIFS(#REF!,#REF!,Extrato!$B6,#REF!,Extrato!S$3) -> #REF! | T6: =SUMIFS(#REF!,#REF!,Extrato!$B6,#REF!,Extrato!T$3) -> #REF! | U6: =SUMIFS(#REF!,#REF!,Extrato!$B6,#REF!,Extrato!U$3) -> #REF! | V6: =SUMIFS(#REF!,#REF!,Extrato!$B6,#REF!,Extrato!V$3) -> #REF! | W6: =SUMIFS(#REF!,#REF!,Extrato!$B6,#REF!,Extrato!W$3) -> #REF! | X6: =SUMIFS(#REF!,#REF!,Extrato!$B6,#REF!,Extrato!X$3) -> #REF! | ... AI6: =SUMIFS(#REF!,#REF!,Extrato!$B6,#REF!,Extrato!AI$3) -> #REF! | AJ6: 0 | AK6: -25.54 | AL6: =SUM(C6:AK6) -> #REF!
B7: 45992 | C7: =AL6 -> #REF! | D7: =SUMIFS(#REF!,#REF!,Extrato!$B7,#REF!,Extrato!D$3) -> #REF! | E7: =SUMIFS(#REF!,#REF!,Extrato!$B7,#REF!,Extrato!E$3) -> #REF! | F7: =SUMIFS(#REF!,#REF!,Extrato!$B7,#REF!,Extrato!F$3) -> #REF! | G7: =SUMIFS(#REF!,#REF!,Extrato!$B7,#REF!,Extrato!G$3) -> #REF! | H7: =SUMIFS(#REF!,#REF!,Extrato!$B7,#REF!,Extrato!H$3) -> #REF! | I7: =SUMIFS(#REF!,#REF!,Extrato!$B7,#REF!,Extrato!I$3) -> #REF! | J7: =SUMIFS(#REF!,#REF!,Extrato!$B7,#REF!,Extrato!J$3) -> #REF! | K7: =SUMIFS(#REF!,#REF!,Extrato!$B7,#REF!,Extrato!K$3) -> #REF! | ... O7: =SUMIFS(#REF!,#REF!,Extrato!$B7,#REF!,Extrato!O$3) -> #REF! | P7: =SUMIF(BetFlow!B:B,B7,BetFlow!J:J) -> 0 | Q7: =SUMIFS(#REF!,#REF!,Extrato!$B7,#REF!,Extrato!Q$3) -> #REF! | R7: =SUMIFS(#REF!,#REF!,Extrato!$B7,#REF!,Extrato!R$3) -> #REF! | S7: =SUMIFS(#REF!,#REF!,Extrato!$B7,#REF!,Extrato!S$3) -> #REF! | T7: =SUMIFS(#REF!,#REF!,Extrato!$B7,#REF!,Extrato!T$3) -> #REF! | U7: =SUMIFS(#REF!,#REF!,Extrato!$B7,#REF!,Extrato!U$3) -> #REF! | V7: =SUMIFS(#REF!,#REF!,Extrato!$B7,#REF!,Extrato!V$3) -> #REF! | W7: =SUMIFS(#REF!,#REF!,Extrato!$B7,#REF!,Extrato!W$3) -> #REF! | X7: =SUMIFS(#REF!,#REF!,Extrato!$B7,#REF!,Extrato!X$3) -> #REF! | ... AI7: =SUMIFS(#REF!,#REF!,Extrato!$B7,#REF!,Extrato!AI$3) -> #REF! | AJ7: 0 | AK7: -1.2 | AL7: =SUM(C7:AK7) -> #REF!
B8: 45993 | C8: =AL7 -> #REF! | D8: =SUMIFS(#REF!,#REF!,Extrato!$B8,#REF!,Extrato!D$3) -> #REF! | E8: =SUMIFS(#REF!,#REF!,Extrato!$B8,#REF!,Extrato!E$3) -> #REF! | F8: =SUMIFS(#REF!,#REF!,Extrato!$B8,#REF!,Extrato!F$3) -> #REF! | G8: =SUMIFS(#REF!,#REF!,Extrato!$B8,#REF!,Extrato!G$3) -> #REF! | H8: =SUMIFS(#REF!,#REF!,Extrato!$B8,#REF!,Extrato!H$3) -> #REF! | I8: =SUMIFS(#REF!,#REF!,Extrato!$B8,#REF!,Extrato!I$3) -> #REF! | J8: =SUMIFS(#REF!,#REF!,Extrato!$B8,#REF!,Extrato!J$3) -> #REF! | K8: =SUMIFS(#REF!,#REF!,Extrato!$B8,#REF!,Extrato!K$3) -> #REF! | ... O8: =SUMIFS(#REF!,#REF!,Extrato!$B8,#REF!,Extrato!O$3) -> #REF! | P8: =SUMIF(BetFlow!B:B,B8,BetFlow!J:J) -> 0 | Q8: =SUMIFS(#REF!,#REF!,Extrato!$B8,#REF!,Extrato!Q$3) -> #REF! | R8: =SUMIFS(#REF!,#REF!,Extrato!$B8,#REF!,Extrato!R$3) -> #REF! | S8: =SUMIFS(#REF!,#REF!,Extrato!$B8,#REF!,Extrato!S$3) -> #REF! | T8: =SUMIFS(#REF!,#REF!,Extrato!$B8,#REF!,Extrato!T$3) -> #REF! | U8: =SUMIFS(#REF!,#REF!,Extrato!$B8,#REF!,Extrato!U$3) -> #REF! | V8: =SUMIFS(#REF!,#REF!,Extrato!$B8,#REF!,Extrato!V$3) -> #REF! | W8: =SUMIFS(#REF!,#REF!,Extrato!$B8,#REF!,Extrato!W$3) -> #REF! | X8: =SUMIFS(#REF!,#REF!,Extrato!$B8,#REF!,Extrato!X$3) -> #REF! | ... AI8: =SUMIFS(#REF!,#REF!,Extrato!$B8,#REF!,Extrato!AI$3) -> #REF! | AJ8: 0 | AK8: 7.03 | AL8: =SUM(C8:AK8) -> #REF!
B9: 45994 | C9: =AL8 -> #REF! | D9: =SUMIFS(#REF!,#REF!,Extrato!$B9,#REF!,Extrato!D$3) -> #REF! | E9: =SUMIFS(#REF!,#REF!,Extrato!$B9,#REF!,Extrato!E$3) -> #REF! | F9: =SUMIFS(#REF!,#REF!,Extrato!$B9,#REF!,Extrato!F$3) -> #REF! | G9: =SUMIFS(#REF!,#REF!,Extrato!$B9,#REF!,Extrato!G$3) -> #REF! | H9: =SUMIFS(#REF!,#REF!,Extrato!$B9,#REF!,Extrato!H$3) -> #REF! | I9: =SUMIFS(#REF!,#REF!,Extrato!$B9,#REF!,Extrato!I$3) -> #REF! | J9: =SUMIFS(#REF!,#REF!,Extrato!$B9,#REF!,Extrato!J$3) -> #REF! | K9: =SUMIFS(#REF!,#REF!,Extrato!$B9,#REF!,Extrato!K$3) -> #REF! | ... O9: =SUMIFS(#REF!,#REF!,Extrato!$B9,#REF!,Extrato!O$3) -> #REF! | P9: =SUMIF(BetFlow!B:B,B9,BetFlow!J:J) -> 0 | Q9: =SUMIFS(#REF!,#REF!,Extrato!$B9,#REF!,Extrato!Q$3) -> #REF! | R9: =SUMIFS(#REF!,#REF!,Extrato!$B9,#REF!,Extrato!R$3) -> #REF! | S9: =SUMIFS(#REF!,#REF!,Extrato!$B9,#REF!,Extrato!S$3) -> #REF! | T9: =SUMIFS(#REF!,#REF!,Extrato!$B9,#REF!,Extrato!T$3) -> #REF! | U9: =SUMIFS(#REF!,#REF!,Extrato!$B9,#REF!,Extrato!U$3) -> #REF! | V9: =SUMIFS(#REF!,#REF!,Extrato!$B9,#REF!,Extrato!V$3) -> #REF! | W9: =SUMIFS(#REF!,#REF!,Extrato!$B9,#REF!,Extrato!W$3) -> #REF! | X9: =SUMIFS(#REF!,#REF!,Extrato!$B9,#REF!,Extrato!X$3) -> #REF! | ... AI9: =SUMIFS(#REF!,#REF!,Extrato!$B9,#REF!,Extrato!AI$3) -> #REF! | AJ9: 0 | AK9: 2.61 | AL9: =SUM(C9:AK9) -> #REF!
B10: 45995 | C10: =AL9 -> #REF! | D10: =SUMIFS(#REF!,#REF!,Extrato!$B10,#REF!,Extrato!D$3) -> #REF! | E10: =SUMIFS(#REF!,#REF!,Extrato!$B10,#REF!,Extrato!E$3) -> #REF! | F10: =SUMIFS(#REF!,#REF!,Extrato!$B10,#REF!,Extrato!F$3) -> #REF! | G10: =SUMIFS(#REF!,#REF!,Extrato!$B10,#REF!,Extrato!G$3) -> #REF! | H10: =SUMIFS(#REF!,#REF!,Extrato!$B10,#REF!,Extrato!H$3) -> #REF! | I10: =SUMIFS(#REF!,#REF!,Extrato!$B10,#REF!,Extrato!I$3) -> #REF! | J10: =SUMIFS(#REF!,#REF!,Extrato!$B10,#REF!,Extrato!J$3) -> #REF! | K10: =SUMIFS(#REF!,#REF!,Extrato!$B10,#REF!,Extrato!K$3) -> #REF! | ... O10: =SUMIFS(#REF!,#REF!,Extrato!$B10,#REF!,Extrato!O$3) -> #REF! | P10: =SUMIF(BetFlow!B:B,B10,BetFlow!J:J) -> 0 | Q10: =SUMIFS(#REF!,#REF!,Extrato!$B10,#REF!,Extrato!Q$3) -> #REF! | R10: =SUMIFS(#REF!,#REF!,Extrato!$B10,#REF!,Extrato!R$3) -> #REF! | S10: =SUMIFS(#REF!,#REF!,Extrato!$B10,#REF!,Extrato!S$3) -> #REF! | T10: =SUMIFS(#REF!,#REF!,Extrato!$B10,#REF!,Extrato!T$3) -> #REF! | U10: =SUMIFS(#REF!,#REF!,Extrato!$B10,#REF!,Extrato!U$3) -> #REF! | V10: =SUMIFS(#REF!,#REF!,Extrato!$B10,#REF!,Extrato!V$3) -> #REF! | W10: =SUMIFS(#REF!,#REF!,Extrato!$B10,#REF!,Extrato!W$3) -> #REF! | X10: =SUMIFS(#REF!,#REF!,Extrato!$B10,#REF!,Extrato!X$3) -> #REF! | ... AI10: =SUMIFS(#REF!,#REF!,Extrato!$B10,#REF!,Extrato!AI$3) -> #REF! | AJ10: 0 | AK10: 0.01 | AL10: =SUM(C10:AK10) -> #REF!
B11: 45996 | C11: =AL10 -> #REF! | D11: =SUMIFS(#REF!,#REF!,Extrato!$B11,#REF!,Extrato!D$3) -> #REF! | E11: =SUMIFS(#REF!,#REF!,Extrato!$B11,#REF!,Extrato!E$3) -> #REF! | F11: =SUMIFS(#REF!,#REF!,Extrato!$B11,#REF!,Extrato!F$3) -> #REF! | G11: =SUMIFS(#REF!,#REF!,Extrato!$B11,#REF!,Extrato!G$3) -> #REF! | H11: =SUMIFS(#REF!,#REF!,Extrato!$B11,#REF!,Extrato!H$3) -> #REF! | I11: =SUMIFS(#REF!,#REF!,Extrato!$B11,#REF!,Extrato!I$3) -> #REF! | J11: =SUMIFS(#REF!,#REF!,Extrato!$B11,#REF!,Extrato!J$3) -> #REF! | K11: =SUMIFS(#REF!,#REF!,Extrato!$B11,#REF!,Extrato!K$3) -> #REF! | ... O11: =SUMIFS(#REF!,#REF!,Extrato!$B11,#REF!,Extrato!O$3) -> #REF! | P11: =SUMIF(BetFlow!B:B,B11,BetFlow!J:J) -> 0 | Q11: =SUMIFS(#REF!,#REF!,Extrato!$B11,#REF!,Extrato!Q$3) -> #REF! | R11: =SUMIFS(#REF!,#REF!,Extrato!$B11,#REF!,Extrato!R$3) -> #REF! | S11: =SUMIFS(#REF!,#REF!,Extrato!$B11,#REF!,Extrato!S$3) -> #REF! | T11: =SUMIFS(#REF!,#REF!,Extrato!$B11,#REF!,Extrato!T$3) -> #REF! | U11: =SUMIFS(#REF!,#REF!,Extrato!$B11,#REF!,Extrato!U$3) -> #REF! | V11: =SUMIFS(#REF!,#REF!,Extrato!$B11,#REF!,Extrato!V$3) -> #REF! | W11: =SUMIFS(#REF!,#REF!,Extrato!$B11,#REF!,Extrato!W$3) -> #REF! | X11: =SUMIFS(#REF!,#REF!,Extrato!$B11,#REF!,Extrato!X$3) -> #REF! | ... AI11: =SUMIFS(#REF!,#REF!,Extrato!$B11,#REF!,Extrato!AI$3) -> #REF! | AJ11: 0 | AL11: =SUM(C11:AK11) -> #REF!
B12: 45997 | C12: =AL11 -> #REF! | D12: =SUMIFS(#REF!,#REF!,Extrato!$B12,#REF!,Extrato!D$3) -> #REF! | E12: =SUMIFS(#REF!,#REF!,Extrato!$B12,#REF!,Extrato!E$3) -> #REF! | F12: =SUMIFS(#REF!,#REF!,Extrato!$B12,#REF!,Extrato!F$3) -> #REF! | G12: =SUMIFS(#REF!,#REF!,Extrato!$B12,#REF!,Extrato!G$3) -> #REF! | H12: =SUMIFS(#REF!,#REF!,Extrato!$B12,#REF!,Extrato!H$3) -> #REF! | I12: =SUMIFS(#REF!,#REF!,Extrato!$B12,#REF!,Extrato!I$3) -> #REF! | J12: =SUMIFS(#REF!,#REF!,Extrato!$B12,#REF!,Extrato!J$3) -> #REF! | K12: =SUMIFS(#REF!,#REF!,Extrato!$B12,#REF!,Extrato!K$3) -> #REF! | ... O12: =SUMIFS(#REF!,#REF!,Extrato!$B12,#REF!,Extrato!O$3) -> #REF! | P12: =SUMIF(BetFlow!B:B,B12,BetFlow!J:J) -> 0 | Q12: =SUMIFS(#REF!,#REF!,Extrato!$B12,#REF!,Extrato!Q$3) -> #REF! | R12: =SUMIFS(#REF!,#REF!,Extrato!$B12,#REF!,Extrato!R$3) -> #REF! | S12: =SUMIFS(#REF!,#REF!,Extrato!$B12,#REF!,Extrato!S$3) -> #REF! | T12: =SUMIFS(#REF!,#REF!,Extrato!$B12,#REF!,Extrato!T$3) -> #REF! | U12: =SUMIFS(#REF!,#REF!,Extrato!$B12,#REF!,Extrato!U$3) -> #REF! | V12: =SUMIFS(#REF!,#REF!,Extrato!$B12,#REF!,Extrato!V$3) -> #REF! | W12: =SUMIFS(#REF!,#REF!,Extrato!$B12,#REF!,Extrato!W$3) -> #REF! | X12: =SUMIFS(#REF!,#REF!,Extrato!$B12,#REF!,Extrato!X$3) -> #REF! | ... AI12: =SUMIFS(#REF!,#REF!,Extrato!$B12,#REF!,Extrato!AI$3) -> #REF! | AJ12: 0 | AK12: -0.02 | AL12: =SUM(C12:AK12) -> #REF!
B13: 45998 | C13: =AL12 -> #REF! | D13: =SUMIFS(#REF!,#REF!,Extrato!$B13,#REF!,Extrato!D$3) -> #REF! | E13: =SUMIFS(#REF!,#REF!,Extrato!$B13,#REF!,Extrato!E$3) -> #REF! | F13: =SUMIFS(#REF!,#REF!,Extrato!$B13,#REF!,Extrato!F$3) -> #REF! | G13: =SUMIFS(#REF!,#REF!,Extrato!$B13,#REF!,Extrato!G$3) -> #REF! | H13: =SUMIFS(#REF!,#REF!,Extrato!$B13,#REF!,Extrato!H$3) -> #REF! | I13: =SUMIFS(#REF!,#REF!,Extrato!$B13,#REF!,Extrato!I$3) -> #REF! | J13: =SUMIFS(#REF!,#REF!,Extrato!$B13,#REF!,Extrato!J$3) -> #REF! | K13: =SUMIFS(#REF!,#REF!,Extrato!$B13,#REF!,Extrato!K$3) -> #REF! | ... O13: =SUMIFS(#REF!,#REF!,Extrato!$B13,#REF!,Extrato!O$3) -> #REF! | P13: =SUMIF(BetFlow!B:B,B13,BetFlow!J:J) -> 0 | Q13: =SUMIFS(#REF!,#REF!,Extrato!$B13,#REF!,Extrato!Q$3) -> #REF! | R13: =SUMIFS(#REF!,#REF!,Extrato!$B13,#REF!,Extrato!R$3) -> #REF! | S13: =SUMIFS(#REF!,#REF!,Extrato!$B13,#REF!,Extrato!S$3) -> #REF! | T13: =SUMIFS(#REF!,#REF!,Extrato!$B13,#REF!,Extrato!T$3) -> #REF! | U13: =SUMIFS(#REF!,#REF!,Extrato!$B13,#REF!,Extrato!U$3) -> #REF! | V13: =SUMIFS(#REF!,#REF!,Extrato!$B13,#REF!,Extrato!V$3) -> #REF! | W13: =SUMIFS(#REF!,#REF!,Extrato!$B13,#REF!,Extrato!W$3) -> #REF! | X13: =SUMIFS(#REF!,#REF!,Extrato!$B13,#REF!,Extrato!X$3) -> #REF! | ... AI13: =SUMIFS(#REF!,#REF!,Extrato!$B13,#REF!,Extrato!AI$3) -> #REF! | AJ13: 0 | AL13: =SUM(C13:AK13) -> #REF!
B14: 45999 | C14: =AL13 -> #REF! | D14: =SUMIFS(#REF!,#REF!,Extrato!$B14,#REF!,Extrato!D$3) -> #REF! | E14: =SUMIFS(#REF!,#REF!,Extrato!$B14,#REF!,Extrato!E$3) -> #REF! | F14: =SUMIFS(#REF!,#REF!,Extrato!$B14,#REF!,Extrato!F$3) -> #REF! | G14: =SUMIFS(#REF!,#REF!,Extrato!$B14,#REF!,Extrato!G$3) -> #REF! | H14: =SUMIFS(#REF!,#REF!,Extrato!$B14,#REF!,Extrato!H$3) -> #REF! | I14: =SUMIFS(#REF!,#REF!,Extrato!$B14,#REF!,Extrato!I$3) -> #REF! | J14: =SUMIFS(#REF!,#REF!,Extrato!$B14,#REF!,Extrato!J$3) -> #REF! | K14: =SUMIFS(#REF!,#REF!,Extrato!$B14,#REF!,Extrato!K$3) -> #REF! | ... O14: =SUMIFS(#REF!,#REF!,Extrato!$B14,#REF!,Extrato!O$3) -> #REF! | P14: =SUMIF(BetFlow!B:B,B14,BetFlow!J:J) -> 0 | Q14: =SUMIFS(#REF!,#REF!,Extrato!$B14,#REF!,Extrato!Q$3) -> #REF! | R14: =SUMIFS(#REF!,#REF!,Extrato!$B14,#REF!,Extrato!R$3) -> #REF! | S14: =SUMIFS(#REF!,#REF!,Extrato!$B14,#REF!,Extrato!S$3) -> #REF! | T14: =SUMIFS(#REF!,#REF!,Extrato!$B14,#REF!,Extrato!T$3) -> #REF! | U14: =SUMIFS(#REF!,#REF!,Extrato!$B14,#REF!,Extrato!U$3) -> #REF! | V14: =SUMIFS(#REF!,#REF!,Extrato!$B14,#REF!,Extrato!V$3) -> #REF! | W14: =SUMIFS(#REF!,#REF!,Extrato!$B14,#REF!,Extrato!W$3) -> #REF! | X14: =SUMIFS(#REF!,#REF!,Extrato!$B14,#REF!,Extrato!X$3) -> #REF! | ... AI14: =SUMIFS(#REF!,#REF!,Extrato!$B14,#REF!,Extrato!AI$3) -> #REF! | AJ14: 0 | AK14: -0.02 | AL14: =SUM(C14:AK14) -> #REF!
B15: 46000 | C15: =AL14 -> #REF! | D15: =SUMIFS(#REF!,#REF!,Extrato!$B15,#REF!,Extrato!D$3) -> #REF! | E15: =SUMIFS(#REF!,#REF!,Extrato!$B15,#REF!,Extrato!E$3) -> #REF! | F15: =SUMIFS(#REF!,#REF!,Extrato!$B15,#REF!,Extrato!F$3) -> #REF! | G15: =SUMIFS(#REF!,#REF!,Extrato!$B15,#REF!,Extrato!G$3) -> #REF! | H15: =SUMIFS(#REF!,#REF!,Extrato!$B15,#REF!,Extrato!H$3) -> #REF! | I15: =SUMIFS(#REF!,#REF!,Extrato!$B15,#REF!,Extrato!I$3) -> #REF! | J15: =SUMIFS(#REF!,#REF!,Extrato!$B15,#REF!,Extrato!J$3) -> #REF! | K15: =SUMIFS(#REF!,#REF!,Extrato!$B15,#REF!,Extrato!K$3) -> #REF! | ... O15: =SUMIFS(#REF!,#REF!,Extrato!$B15,#REF!,Extrato!O$3) -> #REF! | P15: =SUMIF(BetFlow!B:B,B15,BetFlow!J:J) -> 0 | Q15: =SUMIFS(#REF!,#REF!,Extrato!$B15,#REF!,Extrato!Q$3) -> #REF! | R15: =SUMIFS(#REF!,#REF!,Extrato!$B15,#REF!,Extrato!R$3) -> #REF! | S15: =SUMIFS(#REF!,#REF!,Extrato!$B15,#REF!,Extrato!S$3) -> #REF! | T15: =SUMIFS(#REF!,#REF!,Extrato!$B15,#REF!,Extrato!T$3) -> #REF! | U15: =SUMIFS(#REF!,#REF!,Extrato!$B15,#REF!,Extrato!U$3) -> #REF! | V15: =SUMIFS(#REF!,#REF!,Extrato!$B15,#REF!,Extrato!V$3) -> #REF! | W15: =SUMIFS(#REF!,#REF!,Extrato!$B15,#REF!,Extrato!W$3) -> #REF! | X15: =SUMIFS(#REF!,#REF!,Extrato!$B15,#REF!,Extrato!X$3) -> #REF! | ... AI15: =SUMIFS(#REF!,#REF!,Extrato!$B15,#REF!,Extrato!AI$3) -> #REF! | AJ15: 0 | AL15: =SUM(C15:AK15) -> #REF!
B16: 46001 | C16: =AL15 -> #REF! | D16: =SUMIFS(#REF!,#REF!,Extrato!$B16,#REF!,Extrato!D$3) -> #REF! | E16: =SUMIFS(#REF!,#REF!,Extrato!$B16,#REF!,Extrato!E$3) -> #REF! | F16: =SUMIFS(#REF!,#REF!,Extrato!$B16,#REF!,Extrato!F$3) -> #REF! | G16: =SUMIFS(#REF!,#REF!,Extrato!$B16,#REF!,Extrato!G$3) -> #REF! | H16: =SUMIFS(#REF!,#REF!,Extrato!$B16,#REF!,Extrato!H$3) -> #REF! | I16: =SUMIFS(#REF!,#REF!,Extrato!$B16,#REF!,Extrato!I$3) -> #REF! | J16: =SUMIFS(#REF!,#REF!,Extrato!$B16,#REF!,Extrato!J$3) -> #REF! | K16: =SUMIFS(#REF!,#REF!,Extrato!$B16,#REF!,Extrato!K$3) -> #REF! | ... O16: =SUMIFS(#REF!,#REF!,Extrato!$B16,#REF!,Extrato!O$3) -> #REF! | P16: =SUMIF(BetFlow!B:B,B16,BetFlow!J:J) -> 0 | Q16: =SUMIFS(#REF!,#REF!,Extrato!$B16,#REF!,Extrato!Q$3) -> #REF! | R16: =SUMIFS(#REF!,#REF!,Extrato!$B16,#REF!,Extrato!R$3) -> #REF! | S16: =SUMIFS(#REF!,#REF!,Extrato!$B16,#REF!,Extrato!S$3) -> #REF! | T16: =SUMIFS(#REF!,#REF!,Extrato!$B16,#REF!,Extrato!T$3) -> #REF! | U16: =SUMIFS(#REF!,#REF!,Extrato!$B16,#REF!,Extrato!U$3) -> #REF! | V16: =SUMIFS(#REF!,#REF!,Extrato!$B16,#REF!,Extrato!V$3) -> #REF! | W16: =SUMIFS(#REF!,#REF!,Extrato!$B16,#REF!,Extrato!W$3) -> #REF! | X16: =SUMIFS(#REF!,#REF!,Extrato!$B16,#REF!,Extrato!X$3) -> #REF! | ... AI16: =SUMIFS(#REF!,#REF!,Extrato!$B16,#REF!,Extrato!AI$3) -> #REF! | AJ16: 0 | AK16: -0.01 | AL16: =SUM(C16:AK16) -> #REF!
B17: 46002 | C17: =AL16 -> #REF! | D17: =SUMIFS(#REF!,#REF!,Extrato!$B17,#REF!,Extrato!D$3) -> #REF! | E17: =SUMIFS(#REF!,#REF!,Extrato!$B17,#REF!,Extrato!E$3) -> #REF! | F17: =SUMIFS(#REF!,#REF!,Extrato!$B17,#REF!,Extrato!F$3) -> #REF! | G17: =SUMIFS(#REF!,#REF!,Extrato!$B17,#REF!,Extrato!G$3) -> #REF! | H17: =SUMIFS(#REF!,#REF!,Extrato!$B17,#REF!,Extrato!H$3) -> #REF! | I17: =SUMIFS(#REF!,#REF!,Extrato!$B17,#REF!,Extrato!I$3) -> #REF! | J17: =SUMIFS(#REF!,#REF!,Extrato!$B17,#REF!,Extrato!J$3) -> #REF! | K17: =SUMIFS(#REF!,#REF!,Extrato!$B17,#REF!,Extrato!K$3) -> #REF! | ... O17: =SUMIFS(#REF!,#REF!,Extrato!$B17,#REF!,Extrato!O$3) -> #REF! | P17: =SUMIF(BetFlow!B:B,B17,BetFlow!J:J) -> 0 | Q17: =SUMIFS(#REF!,#REF!,Extrato!$B17,#REF!,Extrato!Q$3) -> #REF! | R17: =SUMIFS(#REF!,#REF!,Extrato!$B17,#REF!,Extrato!R$3) -> #REF! | S17: =SUMIFS(#REF!,#REF!,Extrato!$B17,#REF!,Extrato!S$3) -> #REF! | T17: =SUMIFS(#REF!,#REF!,Extrato!$B17,#REF!,Extrato!T$3) -> #REF! | U17: =SUMIFS(#REF!,#REF!,Extrato!$B17,#REF!,Extrato!U$3) -> #REF! | V17: =SUMIFS(#REF!,#REF!,Extrato!$B17,#REF!,Extrato!V$3) -> #REF! | W17: =SUMIFS(#REF!,#REF!,Extrato!$B17,#REF!,Extrato!W$3) -> #REF! | X17: =SUMIFS(#REF!,#REF!,Extrato!$B17,#REF!,Extrato!X$3) -> #REF! | ... AI17: =SUMIFS(#REF!,#REF!,Extrato!$B17,#REF!,Extrato!AI$3) -> #REF! | AJ17: 0 | AL17: =SUM(C17:AK17) -> #REF!
B18: 46003 | C18: =AL17 -> #REF! | D18: =SUMIFS(#REF!,#REF!,Extrato!$B18,#REF!,Extrato!D$3) -> #REF! | E18: =SUMIFS(#REF!,#REF!,Extrato!$B18,#REF!,Extrato!E$3) -> #REF! | F18: =SUMIFS(#REF!,#REF!,Extrato!$B18,#REF!,Extrato!F$3) -> #REF! | G18: =SUMIFS(#REF!,#REF!,Extrato!$B18,#REF!,Extrato!G$3) -> #REF! | H18: =SUMIFS(#REF!,#REF!,Extrato!$B18,#REF!,Extrato!H$3) -> #REF! | I18: =SUMIFS(#REF!,#REF!,Extrato!$B18,#REF!,Extrato!I$3) -> #REF! | J18: =SUMIFS(#REF!,#REF!,Extrato!$B18,#REF!,Extrato!J$3) -> #REF! | K18: =SUMIFS(#REF!,#REF!,Extrato!$B18,#REF!,Extrato!K$3) -> #REF! | ... O18: =SUMIFS(#REF!,#REF!,Extrato!$B18,#REF!,Extrato!O$3) -> #REF! | P18: =SUMIF(BetFlow!B:B,B18,BetFlow!J:J) -> 0 | Q18: =SUMIFS(#REF!,#REF!,Extrato!$B18,#REF!,Extrato!Q$3) -> #REF! | R18: =SUMIFS(#REF!,#REF!,Extrato!$B18,#REF!,Extrato!R$3) -> #REF! | S18: =SUMIFS(#REF!,#REF!,Extrato!$B18,#REF!,Extrato!S$3) -> #REF! | T18: =SUMIFS(#REF!,#REF!,Extrato!$B18,#REF!,Extrato!T$3) -> #REF! | U18: =SUMIFS(#REF!,#REF!,Extrato!$B18,#REF!,Extrato!U$3) -> #REF! | V18: =SUMIFS(#REF!,#REF!,Extrato!$B18,#REF!,Extrato!V$3) -> #REF! | W18: =SUMIFS(#REF!,#REF!,Extrato!$B18,#REF!,Extrato!W$3) -> #REF! | X18: =SUMIFS(#REF!,#REF!,Extrato!$B18,#REF!,Extrato!X$3) -> #REF! | ... AI18: =SUMIFS(#REF!,#REF!,Extrato!$B18,#REF!,Extrato!AI$3) -> #REF! | AJ18: 0 | AL18: =SUM(C18:AK18) -> #REF!
B19: 46004 | C19: =AL18 -> #REF! | D19: =SUMIFS(#REF!,#REF!,Extrato!$B19,#REF!,Extrato!D$3) -> #REF! | E19: =SUMIFS(#REF!,#REF!,Extrato!$B19,#REF!,Extrato!E$3) -> #REF! | F19: =SUMIFS(#REF!,#REF!,Extrato!$B19,#REF!,Extrato!F$3) -> #REF! | G19: =SUMIFS(#REF!,#REF!,Extrato!$B19,#REF!,Extrato!G$3) -> #REF! | H19: =SUMIFS(#REF!,#REF!,Extrato!$B19,#REF!,Extrato!H$3) -> #REF! | I19: =SUMIFS(#REF!,#REF!,Extrato!$B19,#REF!,Extrato!I$3) -> #REF! | J19: =SUMIFS(#REF!,#REF!,Extrato!$B19,#REF!,Extrato!J$3) -> #REF! | K19: =SUMIFS(#REF!,#REF!,Extrato!$B19,#REF!,Extrato!K$3) -> #REF! | ... O19: =SUMIFS(#REF!,#REF!,Extrato!$B19,#REF!,Extrato!O$3) -> #REF! | P19: =SUMIF(BetFlow!B:B,B19,BetFlow!J:J) -> 0 | Q19: =SUMIFS(#REF!,#REF!,Extrato!$B19,#REF!,Extrato!Q$3) -> #REF! | R19: =SUMIFS(#REF!,#REF!,Extrato!$B19,#REF!,Extrato!R$3) -> #REF! | S19: =SUMIFS(#REF!,#REF!,Extrato!$B19,#REF!,Extrato!S$3) -> #REF! | T19: =SUMIFS(#REF!,#REF!,Extrato!$B19,#REF!,Extrato!T$3) -> #REF! | U19: =SUMIFS(#REF!,#REF!,Extrato!$B19,#REF!,Extrato!U$3) -> #REF! | V19: =SUMIFS(#REF!,#REF!,Extrato!$B19,#REF!,Extrato!V$3) -> #REF! | W19: =SUMIFS(#REF!,#REF!,Extrato!$B19,#REF!,Extrato!W$3) -> #REF! | X19: =SUMIFS(#REF!,#REF!,Extrato!$B19,#REF!,Extrato!X$3) -> #REF! | ... AI19: =SUMIFS(#REF!,#REF!,Extrato!$B19,#REF!,Extrato!AI$3) -> #REF! | AJ19: 0 | AL19: =SUM(C19:AK19) -> #REF!
B20: 46005 | C20: =AL19 -> #REF! | D20: =SUMIFS(#REF!,#REF!,Extrato!$B20,#REF!,Extrato!D$3) -> #REF! | E20: =SUMIFS(#REF!,#REF!,Extrato!$B20,#REF!,Extrato!E$3) -> #REF! | F20: =SUMIFS(#REF!,#REF!,Extrato!$B20,#REF!,Extrato!F$3) -> #REF! | G20: =SUMIFS(#REF!,#REF!,Extrato!$B20,#REF!,Extrato!G$3) -> #REF! | H20: =SUMIFS(#REF!,#REF!,Extrato!$B20,#REF!,Extrato!H$3) -> #REF! | I20: =SUMIFS(#REF!,#REF!,Extrato!$B20,#REF!,Extrato!I$3) -> #REF! | J20: =SUMIFS(#REF!,#REF!,Extrato!$B20,#REF!,Extrato!J$3) -> #REF! | K20: =SUMIFS(#REF!,#REF!,Extrato!$B20,#REF!,Extrato!K$3) -> #REF! | ... O20: =SUMIFS(#REF!,#REF!,Extrato!$B20,#REF!,Extrato!O$3) -> #REF! | P20: =SUMIF(BetFlow!B:B,B20,BetFlow!J:J) -> 0 | Q20: =SUMIFS(#REF!,#REF!,Extrato!$B20,#REF!,Extrato!Q$3) -> #REF! | R20: =SUMIFS(#REF!,#REF!,Extrato!$B20,#REF!,Extrato!R$3) -> #REF! | S20: =SUMIFS(#REF!,#REF!,Extrato!$B20,#REF!,Extrato!S$3) -> #REF! | T20: =SUMIFS(#REF!,#REF!,Extrato!$B20,#REF!,Extrato!T$3) -> #REF! | U20: =SUMIFS(#REF!,#REF!,Extrato!$B20,#REF!,Extrato!U$3) -> #REF! | V20: =SUMIFS(#REF!,#REF!,Extrato!$B20,#REF!,Extrato!V$3) -> #REF! | W20: =SUMIFS(#REF!,#REF!,Extrato!$B20,#REF!,Extrato!W$3) -> #REF! | X20: =SUMIFS(#REF!,#REF!,Extrato!$B20,#REF!,Extrato!X$3) -> #REF! | ... AI20: =SUMIFS(#REF!,#REF!,Extrato!$B20,#REF!,Extrato!AI$3) -> #REF! | AJ20: 0 | AL20: =SUM(C20:AK20) -> #REF!
B21: 46006 | C21: =AL20 -> #REF! | D21: =SUMIFS(#REF!,#REF!,Extrato!$B21,#REF!,Extrato!D$3) -> #REF! | E21: =SUMIFS(#REF!,#REF!,Extrato!$B21,#REF!,Extrato!E$3) -> #REF! | F21: =SUMIFS(#REF!,#REF!,Extrato!$B21,#REF!,Extrato!F$3) -> #REF! | G21: =SUMIFS(#REF!,#REF!,Extrato!$B21,#REF!,Extrato!G$3) -> #REF! | H21: =SUMIFS(#REF!,#REF!,Extrato!$B21,#REF!,Extrato!H$3) -> #REF! | I21: =SUMIFS(#REF!,#REF!,Extrato!$B21,#REF!,Extrato!I$3) -> #REF! | J21: =SUMIFS(#REF!,#REF!,Extrato!$B21,#REF!,Extrato!J$3) -> #REF! | K21: =SUMIFS(#REF!,#REF!,Extrato!$B21,#REF!,Extrato!K$3) -> #REF! | ... O21: =SUMIFS(#REF!,#REF!,Extrato!$B21,#REF!,Extrato!O$3) -> #REF! | P21: =SUMIF(BetFlow!B:B,B21,BetFlow!J:J) -> 0 | Q21: =SUMIFS(#REF!,#REF!,Extrato!$B21,#REF!,Extrato!Q$3) -> #REF! | R21: =SUMIFS(#REF!,#REF!,Extrato!$B21,#REF!,Extrato!R$3) -> #REF! | S21: =SUMIFS(#REF!,#REF!,Extrato!$B21,#REF!,Extrato!S$3) -> #REF! | T21: =SUMIFS(#REF!,#REF!,Extrato!$B21,#REF!,Extrato!T$3) -> #REF! | U21: =SUMIFS(#REF!,#REF!,Extrato!$B21,#REF!,Extrato!U$3) -> #REF! | V21: =SUMIFS(#REF!,#REF!,Extrato!$B21,#REF!,Extrato!V$3) -> #REF! | W21: =SUMIFS(#REF!,#REF!,Extrato!$B21,#REF!,Extrato!W$3) -> #REF! | X21: =SUMIFS(#REF!,#REF!,Extrato!$B21,#REF!,Extrato!X$3) -> #REF! | ... AI21: =SUMIFS(#REF!,#REF!,Extrato!$B21,#REF!,Extrato!AI$3) -> #REF! | AJ21: 0 | AL21: =SUM(C21:AK21) -> #REF!
B22: 46007 | C22: =AL21 -> #REF! | D22: =SUMIFS(#REF!,#REF!,Extrato!$B22,#REF!,Extrato!D$3) -> #REF! | E22: =SUMIFS(#REF!,#REF!,Extrato!$B22,#REF!,Extrato!E$3) -> #REF! | F22: =SUMIFS(#REF!,#REF!,Extrato!$B22,#REF!,Extrato!F$3) -> #REF! | G22: =SUMIFS(#REF!,#REF!,Extrato!$B22,#REF!,Extrato!G$3) -> #REF! | H22: =SUMIFS(#REF!,#REF!,Extrato!$B22,#REF!,Extrato!H$3) -> #REF! | I22: =SUMIFS(#REF!,#REF!,Extrato!$B22,#REF!,Extrato!I$3) -> #REF! | J22: =SUMIFS(#REF!,#REF!,Extrato!$B22,#REF!,Extrato!J$3) -> #REF! | K22: =SUMIFS(#REF!,#REF!,Extrato!$B22,#REF!,Extrato!K$3) -> #REF! | ... O22: =SUMIFS(#REF!,#REF!,Extrato!$B22,#REF!,Extrato!O$3) -> #REF! | P22: =SUMIF(BetFlow!B:B,B22,BetFlow!J:J) -> 0 | Q22: =SUMIFS(#REF!,#REF!,Extrato!$B22,#REF!,Extrato!Q$3) -> #REF! | R22: =SUMIFS(#REF!,#REF!,Extrato!$B22,#REF!,Extrato!R$3) -> #REF! | S22: =SUMIFS(#REF!,#REF!,Extrato!$B22,#REF!,Extrato!S$3) -> #REF! | T22: =SUMIFS(#REF!,#REF!,Extrato!$B22,#REF!,Extrato!T$3) -> #REF! | U22: =SUMIFS(#REF!,#REF!,Extrato!$B22,#REF!,Extrato!U$3) -> #REF! | V22: =SUMIFS(#REF!,#REF!,Extrato!$B22,#REF!,Extrato!V$3) -> #REF! | W22: =SUMIFS(#REF!,#REF!,Extrato!$B22,#REF!,Extrato!W$3) -> #REF! | X22: =SUMIFS(#REF!,#REF!,Extrato!$B22,#REF!,Extrato!X$3) -> #REF! | ... AI22: =SUMIFS(#REF!,#REF!,Extrato!$B22,#REF!,Extrato!AI$3) -> #REF! | AJ22: 0 | AK22: -0.03 | AL22: =SUM(C22:AK22) -> #REF!
B23: 46008 | C23: =AL22 -> #REF! | D23: =SUMIFS(#REF!,#REF!,Extrato!$B23,#REF!,Extrato!D$3) -> #REF! | E23: =SUMIFS(#REF!,#REF!,Extrato!$B23,#REF!,Extrato!E$3) -> #REF! | F23: =SUMIFS(#REF!,#REF!,Extrato!$B23,#REF!,Extrato!F$3) -> #REF! | G23: =SUMIFS(#REF!,#REF!,Extrato!$B23,#REF!,Extrato!G$3) -> #REF! | H23: =SUMIFS(#REF!,#REF!,Extrato!$B23,#REF!,Extrato!H$3) -> #REF! | I23: =SUMIFS(#REF!,#REF!,Extrato!$B23,#REF!,Extrato!I$3) -> #REF! | J23: =SUMIFS(#REF!,#REF!,Extrato!$B23,#REF!,Extrato!J$3) -> #REF! | K23: =SUMIFS(#REF!,#REF!,Extrato!$B23,#REF!,Extrato!K$3) -> #REF! | ... O23: =SUMIFS(#REF!,#REF!,Extrato!$B23,#REF!,Extrato!O$3) -> #REF! | P23: =SUMIF(BetFlow!B:B,B23,BetFlow!J:J) -> 0 | Q23: =SUMIFS(#REF!,#REF!,Extrato!$B23,#REF!,Extrato!Q$3) -> #REF! | R23: =SUMIFS(#REF!,#REF!,Extrato!$B23,#REF!,Extrato!R$3) -> #REF! | S23: =SUMIFS(#REF!,#REF!,Extrato!$B23,#REF!,Extrato!S$3) -> #REF! | T23: =SUMIFS(#REF!,#REF!,Extrato!$B23,#REF!,Extrato!T$3) -> #REF! | U23: =SUMIFS(#REF!,#REF!,Extrato!$B23,#REF!,Extrato!U$3) -> #REF! | V23: =SUMIFS(#REF!,#REF!,Extrato!$B23,#REF!,Extrato!V$3) -> #REF! | W23: =SUMIFS(#REF!,#REF!,Extrato!$B23,#REF!,Extrato!W$3) -> #REF! | X23: =SUMIFS(#REF!,#REF!,Extrato!$B23,#REF!,Extrato!X$3) -> #REF! | ... AI23: =SUMIFS(#REF!,#REF!,Extrato!$B23,#REF!,Extrato!AI$3) -> #REF! | AJ23: 0 | AL23: =SUM(C23:AK23) -> #REF!
B24: 46009 | C24: =AL23 -> #REF! | D24: =SUMIFS(#REF!,#REF!,Extrato!$B24,#REF!,Extrato!D$3) -> #REF! | E24: =SUMIFS(#REF!,#REF!,Extrato!$B24,#REF!,Extrato!E$3) -> #REF! | F24: =SUMIFS(#REF!,#REF!,Extrato!$B24,#REF!,Extrato!F$3) -> #REF! | G24: =SUMIFS(#REF!,#REF!,Extrato!$B24,#REF!,Extrato!G$3) -> #REF! | H24: =SUMIFS(#REF!,#REF!,Extrato!$B24,#REF!,Extrato!H$3) -> #REF! | I24: =SUMIFS(#REF!,#REF!,Extrato!$B24,#REF!,Extrato!I$3) -> #REF! | J24: =SUMIFS(#REF!,#REF!,Extrato!$B24,#REF!,Extrato!J$3) -> #REF! | K24: =SUMIFS(#REF!,#REF!,Extrato!$B24,#REF!,Extrato!K$3) -> #REF! | ... O24: =SUMIFS(#REF!,#REF!,Extrato!$B24,#REF!,Extrato!O$3) -> #REF! | P24: =SUMIF(BetFlow!B:B,B24,BetFlow!J:J) -> 0 | Q24: =SUMIFS(#REF!,#REF!,Extrato!$B24,#REF!,Extrato!Q$3) -> #REF! | R24: =SUMIFS(#REF!,#REF!,Extrato!$B24,#REF!,Extrato!R$3) -> #REF! | S24: =SUMIFS(#REF!,#REF!,Extrato!$B24,#REF!,Extrato!S$3) -> #REF! | T24: =SUMIFS(#REF!,#REF!,Extrato!$B24,#REF!,Extrato!T$3) -> #REF! | U24: =SUMIFS(#REF!,#REF!,Extrato!$B24,#REF!,Extrato!U$3) -> #REF! | V24: =SUMIFS(#REF!,#REF!,Extrato!$B24,#REF!,Extrato!V$3) -> #REF! | W24: =SUMIFS(#REF!,#REF!,Extrato!$B24,#REF!,Extrato!W$3) -> #REF! | X24: =SUMIFS(#REF!,#REF!,Extrato!$B24,#REF!,Extrato!X$3) -> #REF! | ... AI24: =SUMIFS(#REF!,#REF!,Extrato!$B24,#REF!,Extrato!AI$3) -> #REF! | AJ24: 0 | AL24: =SUM(C24:AK24) -> #REF!
B25: 46010 | C25: =AL24 -> #REF! | D25: =SUMIFS(#REF!,#REF!,Extrato!$B25,#REF!,Extrato!D$3) -> #REF! | E25: =SUMIFS(#REF!,#REF!,Extrato!$B25,#REF!,Extrato!E$3) -> #REF! | F25: =SUMIFS(#REF!,#REF!,Extrato!$B25,#REF!,Extrato!F$3) -> #REF! | G25: =SUMIFS(#REF!,#REF!,Extrato!$B25,#REF!,Extrato!G$3) -> #REF! | H25: =SUMIFS(#REF!,#REF!,Extrato!$B25,#REF!,Extrato!H$3) -> #REF! | I25: =SUMIFS(#REF!,#REF!,Extrato!$B25,#REF!,Extrato!I$3) -> #REF! | J25: =SUMIFS(#REF!,#REF!,Extrato!$B25,#REF!,Extrato!J$3) -> #REF! | K25: =SUMIFS(#REF!,#REF!,Extrato!$B25,#REF!,Extrato!K$3) -> #REF! | ... O25: =SUMIFS(#REF!,#REF!,Extrato!$B25,#REF!,Extrato!O$3) -> #REF! | P25: =SUMIF(BetFlow!B:B,B25,BetFlow!J:J) -> 0 | Q25: =SUMIFS(#REF!,#REF!,Extrato!$B25,#REF!,Extrato!Q$3) -> #REF! | R25: =SUMIFS(#REF!,#REF!,Extrato!$B25,#REF!,Extrato!R$3) -> #REF! | S25: =SUMIFS(#REF!,#REF!,Extrato!$B25,#REF!,Extrato!S$3) -> #REF! | T25: =SUMIFS(#REF!,#REF!,Extrato!$B25,#REF!,Extrato!T$3) -> #REF! | U25: =SUMIFS(#REF!,#REF!,Extrato!$B25,#REF!,Extrato!U$3) -> #REF! | V25: =SUMIFS(#REF!,#REF!,Extrato!$B25,#REF!,Extrato!V$3) -> #REF! | W25: =SUMIFS(#REF!,#REF!,Extrato!$B25,#REF!,Extrato!W$3) -> #REF! | X25: =SUMIFS(#REF!,#REF!,Extrato!$B25,#REF!,Extrato!X$3) -> #REF! | ... AI25: =SUMIFS(#REF!,#REF!,Extrato!$B25,#REF!,Extrato!AI$3) -> #REF! | AJ25: 0 | AL25: =SUM(C25:AK25) -> #REF!
B26: 46011 | C26: =AL25 -> #REF! | D26: =SUMIFS(#REF!,#REF!,Extrato!$B26,#REF!,Extrato!D$3) -> #REF! | E26: =SUMIFS(#REF!,#REF!,Extrato!$B26,#REF!,Extrato!E$3) -> #REF! | F26: =SUMIFS(#REF!,#REF!,Extrato!$B26,#REF!,Extrato!F$3) -> #REF! | G26: =SUMIFS(#REF!,#REF!,Extrato!$B26,#REF!,Extrato!G$3) -> #REF! | H26: =SUMIFS(#REF!,#REF!,Extrato!$B26,#REF!,Extrato!H$3) -> #REF! | I26: =SUMIFS(#REF!,#REF!,Extrato!$B26,#REF!,Extrato!I$3) -> #REF! | J26: =SUMIFS(#REF!,#REF!,Extrato!$B26,#REF!,Extrato!J$3) -> #REF! | K26: =SUMIFS(#REF!,#REF!,Extrato!$B26,#REF!,Extrato!K$3) -> #REF! | ... O26: =SUMIFS(#REF!,#REF!,Extrato!$B26,#REF!,Extrato!O$3) -> #REF! | P26: =SUMIF(BetFlow!B:B,B26,BetFlow!J:J) -> 0 | Q26: =SUMIFS(#REF!,#REF!,Extrato!$B26,#REF!,Extrato!Q$3) -> #REF! | R26: =SUMIFS(#REF!,#REF!,Extrato!$B26,#REF!,Extrato!R$3) -> #REF! | S26: =SUMIFS(#REF!,#REF!,Extrato!$B26,#REF!,Extrato!S$3) -> #REF! | T26: =SUMIFS(#REF!,#REF!,Extrato!$B26,#REF!,Extrato!T$3) -> #REF! | U26: =SUMIFS(#REF!,#REF!,Extrato!$B26,#REF!,Extrato!U$3) -> #REF! | V26: =SUMIFS(#REF!,#REF!,Extrato!$B26,#REF!,Extrato!V$3) -> #REF! | W26: =SUMIFS(#REF!,#REF!,Extrato!$B26,#REF!,Extrato!W$3) -> #REF! | X26: =SUMIFS(#REF!,#REF!,Extrato!$B26,#REF!,Extrato!X$3) -> #REF! | ... AI26: =SUMIFS(#REF!,#REF!,Extrato!$B26,#REF!,Extrato!AI$3) -> #REF! | AJ26: 480 | AK26: -0.03 | AL26: =SUM(C26:AK26) -> #REF!
B27: 46012 | C27: =AL26 -> #REF! | D27: =SUMIFS(#REF!,#REF!,Extrato!$B27,#REF!,Extrato!D$3) -> #REF! | E27: =SUMIFS(#REF!,#REF!,Extrato!$B27,#REF!,Extrato!E$3) -> #REF! | F27: =SUMIFS(#REF!,#REF!,Extrato!$B27,#REF!,Extrato!F$3) -> #REF! | G27: =SUMIFS(#REF!,#REF!,Extrato!$B27,#REF!,Extrato!G$3) -> #REF! | H27: =SUMIFS(#REF!,#REF!,Extrato!$B27,#REF!,Extrato!H$3) -> #REF! | I27: =SUMIFS(#REF!,#REF!,Extrato!$B27,#REF!,Extrato!I$3) -> #REF! | J27: =SUMIFS(#REF!,#REF!,Extrato!$B27,#REF!,Extrato!J$3) -> #REF! | K27: =SUMIFS(#REF!,#REF!,Extrato!$B27,#REF!,Extrato!K$3) -> #REF! | ... O27: =SUMIFS(#REF!,#REF!,Extrato!$B27,#REF!,Extrato!O$3) -> #REF! | P27: =SUMIF(BetFlow!B:B,B27,BetFlow!J:J) -> 0 | Q27: =SUMIFS(#REF!,#REF!,Extrato!$B27,#REF!,Extrato!Q$3) -> #REF! | R27: =SUMIFS(#REF!,#REF!,Extrato!$B27,#REF!,Extrato!R$3) -> #REF! | S27: =SUMIFS(#REF!,#REF!,Extrato!$B27,#REF!,Extrato!S$3) -> #REF! | T27: =SUMIFS(#REF!,#REF!,Extrato!$B27,#REF!,Extrato!T$3) -> #REF! | U27: =SUMIFS(#REF!,#REF!,Extrato!$B27,#REF!,Extrato!U$3) -> #REF! | V27: =SUMIFS(#REF!,#REF!,Extrato!$B27,#REF!,Extrato!V$3) -> #REF! | W27: =SUMIFS(#REF!,#REF!,Extrato!$B27,#REF!,Extrato!W$3) -> #REF! | X27: =SUMIFS(#REF!,#REF!,Extrato!$B27,#REF!,Extrato!X$3) -> #REF! | ... AI27: =SUMIFS(#REF!,#REF!,Extrato!$B27,#REF!,Extrato!AI$3) -> #REF! | AJ27: 0 | AK27: -0.01 | AL27: =SUM(C27:AK27) -> #REF!
B28: 46017 | C28: =AL27 -> #REF! | D28: =SUMIFS(#REF!,#REF!,Extrato!$B28,#REF!,Extrato!D$3) -> #REF! | E28: =SUMIFS(#REF!,#REF!,Extrato!$B28,#REF!,Extrato!E$3) -> #REF! | F28: =SUMIFS(#REF!,#REF!,Extrato!$B28,#REF!,Extrato!F$3) -> #REF! | G28: =SUMIFS(#REF!,#REF!,Extrato!$B28,#REF!,Extrato!G$3) -> #REF! | H28: =SUMIFS(#REF!,#REF!,Extrato!$B28,#REF!,Extrato!H$3) -> #REF! | I28: =SUMIFS(#REF!,#REF!,Extrato!$B28,#REF!,Extrato!I$3) -> #REF! | J28: =SUMIFS(#REF!,#REF!,Extrato!$B28,#REF!,Extrato!J$3) -> #REF! | K28: =SUMIFS(#REF!,#REF!,Extrato!$B28,#REF!,Extrato!K$3) -> #REF! | ... O28: =SUMIFS(#REF!,#REF!,Extrato!$B28,#REF!,Extrato!O$3) -> #REF! | P28: =SUMIF(BetFlow!B:B,B28,BetFlow!J:J) -> 0 | Q28: =SUMIFS(#REF!,#REF!,Extrato!$B28,#REF!,Extrato!Q$3) -> #REF! | R28: =SUMIFS(#REF!,#REF!,Extrato!$B28,#REF!,Extrato!R$3) -> #REF! | S28: =SUMIFS(#REF!,#REF!,Extrato!$B28,#REF!,Extrato!S$3) -> #REF! | T28: =SUMIFS(#REF!,#REF!,Extrato!$B28,#REF!,Extrato!T$3) -> #REF! | U28: =SUMIFS(#REF!,#REF!,Extrato!$B28,#REF!,Extrato!U$3) -> #REF! | V28: =SUMIFS(#REF!,#REF!,Extrato!$B28,#REF!,Extrato!V$3) -> #REF! | W28: =SUMIFS(#REF!,#REF!,Extrato!$B28,#REF!,Extrato!W$3) -> #REF! | X28: =SUMIFS(#REF!,#REF!,Extrato!$B28,#REF!,Extrato!X$3) -> #REF! | ... AI28: =SUMIFS(#REF!,#REF!,Extrato!$B28,#REF!,Extrato!AI$3) -> #REF! | AJ28: 0 | AL28: =SUM(C28:AK28) -> #REF!
B29: 46018 | C29: =AL28 -> #REF! | D29: =SUMIFS(#REF!,#REF!,Extrato!$B29,#REF!,Extrato!D$3) -> #REF! | E29: =SUMIFS(#REF!,#REF!,Extrato!$B29,#REF!,Extrato!E$3) -> #REF! | F29: =SUMIFS(#REF!,#REF!,Extrato!$B29,#REF!,Extrato!F$3) -> #REF! | G29: =SUMIFS(#REF!,#REF!,Extrato!$B29,#REF!,Extrato!G$3) -> #REF! | H29: =SUMIFS(#REF!,#REF!,Extrato!$B29,#REF!,Extrato!H$3) -> #REF! | I29: =SUMIFS(#REF!,#REF!,Extrato!$B29,#REF!,Extrato!I$3) -> #REF! | J29: =SUMIFS(#REF!,#REF!,Extrato!$B29,#REF!,Extrato!J$3) -> #REF! | K29: =SUMIFS(#REF!,#REF!,Extrato!$B29,#REF!,Extrato!K$3) -> #REF! | ... O29: =SUMIFS(#REF!,#REF!,Extrato!$B29,#REF!,Extrato!O$3) -> #REF! | P29: =SUMIF(BetFlow!B:B,B29,BetFlow!J:J) -> 0 | Q29: =SUMIFS(#REF!,#REF!,Extrato!$B29,#REF!,Extrato!Q$3) -> #REF! | R29: =SUMIFS(#REF!,#REF!,Extrato!$B29,#REF!,Extrato!R$3) -> #REF! | S29: =SUMIFS(#REF!,#REF!,Extrato!$B29,#REF!,Extrato!S$3) -> #REF! | T29: =SUMIFS(#REF!,#REF!,Extrato!$B29,#REF!,Extrato!T$3) -> #REF! | U29: =SUMIFS(#REF!,#REF!,Extrato!$B29,#REF!,Extrato!U$3) -> #REF! | V29: =SUMIFS(#REF!,#REF!,Extrato!$B29,#REF!,Extrato!V$3) -> #REF! | W29: =SUMIFS(#REF!,#REF!,Extrato!$B29,#REF!,Extrato!W$3) -> #REF! | X29: =SUMIFS(#REF!,#REF!,Extrato!$B29,#REF!,Extrato!X$3) -> #REF! | ... AI29: =SUMIFS(#REF!,#REF!,Extrato!$B29,#REF!,Extrato!AI$3) -> #REF! | AJ29: 0 | AL29: =SUM(C29:AK29) -> #REF!
B30: 46019 | C30: =AL29 -> #REF! | D30: =SUMIFS(#REF!,#REF!,Extrato!$B30,#REF!,Extrato!D$3) -> #REF! | E30: =SUMIFS(#REF!,#REF!,Extrato!$B30,#REF!,Extrato!E$3) -> #REF! | F30: =SUMIFS(#REF!,#REF!,Extrato!$B30,#REF!,Extrato!F$3) -> #REF! | G30: =SUMIFS(#REF!,#REF!,Extrato!$B30,#REF!,Extrato!G$3) -> #REF! | H30: =SUMIFS(#REF!,#REF!,Extrato!$B30,#REF!,Extrato!H$3) -> #REF! | I30: =SUMIFS(#REF!,#REF!,Extrato!$B30,#REF!,Extrato!I$3) -> #REF! | J30: =SUMIFS(#REF!,#REF!,Extrato!$B30,#REF!,Extrato!J$3) -> #REF! | K30: =SUMIFS(#REF!,#REF!,Extrato!$B30,#REF!,Extrato!K$3) -> #REF! | ... O30: =SUMIFS(#REF!,#REF!,Extrato!$B30,#REF!,Extrato!O$3) -> #REF! | P30: =SUMIF(BetFlow!B:B,B30,BetFlow!J:J) -> 0 | Q30: =SUMIFS(#REF!,#REF!,Extrato!$B30,#REF!,Extrato!Q$3) -> #REF! | R30: =SUMIFS(#REF!,#REF!,Extrato!$B30,#REF!,Extrato!R$3) -> #REF! | S30: =SUMIFS(#REF!,#REF!,Extrato!$B30,#REF!,Extrato!S$3) -> #REF! | T30: =SUMIFS(#REF!,#REF!,Extrato!$B30,#REF!,Extrato!T$3) -> #REF! | U30: =SUMIFS(#REF!,#REF!,Extrato!$B30,#REF!,Extrato!U$3) -> #REF! | V30: =SUMIFS(#REF!,#REF!,Extrato!$B30,#REF!,Extrato!V$3) -> #REF! | W30: =SUMIFS(#REF!,#REF!,Extrato!$B30,#REF!,Extrato!W$3) -> #REF! | X30: =SUMIFS(#REF!,#REF!,Extrato!$B30,#REF!,Extrato!X$3) -> #REF! | ... AI30: =SUMIFS(#REF!,#REF!,Extrato!$B30,#REF!,Extrato!AI$3) -> #REF! | AJ30: 0 | AK30: -0.01 | AL30: =SUM(C30:AK30) -> #REF!
B31: 46021 | C31: =AL30 -> #REF! | D31: =SUMIFS(#REF!,#REF!,Extrato!$B31,#REF!,Extrato!D$3) -> #REF! | E31: =SUMIFS(#REF!,#REF!,Extrato!$B31,#REF!,Extrato!E$3) -> #REF! | F31: =SUMIFS(#REF!,#REF!,Extrato!$B31,#REF!,Extrato!F$3) -> #REF! | G31: =SUMIFS(#REF!,#REF!,Extrato!$B31,#REF!,Extrato!G$3) -> #REF! | H31: =SUMIFS(#REF!,#REF!,Extrato!$B31,#REF!,Extrato!H$3) -> #REF! | I31: =SUMIFS(#REF!,#REF!,Extrato!$B31,#REF!,Extrato!I$3) -> #REF! | J31: =SUMIFS(#REF!,#REF!,Extrato!$B31,#REF!,Extrato!J$3) -> #REF! | K31: =SUMIFS(#REF!,#REF!,Extrato!$B31,#REF!,Extrato!K$3) -> #REF! | ... O31: =SUMIFS(#REF!,#REF!,Extrato!$B31,#REF!,Extrato!O$3) -> #REF! | P31: =SUMIF(BetFlow!B:B,B31,BetFlow!J:J) -> 0 | Q31: =SUMIFS(#REF!,#REF!,Extrato!$B31,#REF!,Extrato!Q$3) -> #REF! | R31: =SUMIFS(#REF!,#REF!,Extrato!$B31,#REF!,Extrato!R$3) -> #REF! | S31: =SUMIFS(#REF!,#REF!,Extrato!$B31,#REF!,Extrato!S$3) -> #REF! | T31: =SUMIFS(#REF!,#REF!,Extrato!$B31,#REF!,Extrato!T$3) -> #REF! | U31: =SUMIFS(#REF!,#REF!,Extrato!$B31,#REF!,Extrato!U$3) -> #REF! | V31: =SUMIFS(#REF!,#REF!,Extrato!$B31,#REF!,Extrato!V$3) -> #REF! | W31: =SUMIFS(#REF!,#REF!,Extrato!$B31,#REF!,Extrato!W$3) -> #REF! | X31: =SUMIFS(#REF!,#REF!,Extrato!$B31,#REF!,Extrato!X$3) -> #REF! | ... AI31: =SUMIFS(#REF!,#REF!,Extrato!$B31,#REF!,Extrato!AI$3) -> #REF! | AJ31: -480 | AK31: 0.01 | AL31: =SUM(C31:AK31) -> #REF!
B32: 46022 | C32: =AL31 -> #REF! | D32: =SUMIFS(#REF!,#REF!,Extrato!$B32,#REF!,Extrato!D$3) -> #REF! | E32: =SUMIFS(#REF!,#REF!,Extrato!$B32,#REF!,Extrato!E$3) -> #REF! | F32: =SUMIFS(#REF!,#REF!,Extrato!$B32,#REF!,Extrato!F$3) -> #REF! | G32: =SUMIFS(#REF!,#REF!,Extrato!$B32,#REF!,Extrato!G$3) -> #REF! | H32: =SUMIFS(#REF!,#REF!,Extrato!$B32,#REF!,Extrato!H$3) -> #REF! | I32: =SUMIFS(#REF!,#REF!,Extrato!$B32,#REF!,Extrato!I$3) -> #REF! | J32: =SUMIFS(#REF!,#REF!,Extrato!$B32,#REF!,Extrato!J$3) -> #REF! | K32: =SUMIFS(#REF!,#REF!,Extrato!$B32,#REF!,Extrato!K$3) -> #REF! | ... O32: =SUMIFS(#REF!,#REF!,Extrato!$B32,#REF!,Extrato!O$3) -> #REF! | P32: =SUMIF(BetFlow!B:B,B32,BetFlow!J:J) -> 0 | Q32: =SUMIFS(#REF!,#REF!,Extrato!$B32,#REF!,Extrato!Q$3) -> #REF! | R32: =SUMIFS(#REF!,#REF!,Extrato!$B32,#REF!,Extrato!R$3) -> #REF! | S32: =SUMIFS(#REF!,#REF!,Extrato!$B32,#REF!,Extrato!S$3) -> #REF! | T32: =SUMIFS(#REF!,#REF!,Extrato!$B32,#REF!,Extrato!T$3) -> #REF! | U32: =SUMIFS(#REF!,#REF!,Extrato!$B32,#REF!,Extrato!U$3) -> #REF! | V32: =SUMIFS(#REF!,#REF!,Extrato!$B32,#REF!,Extrato!V$3) -> #REF! | W32: =SUMIFS(#REF!,#REF!,Extrato!$B32,#REF!,Extrato!W$3) -> #REF! | X32: =SUMIFS(#REF!,#REF!,Extrato!$B32,#REF!,Extrato!X$3) -> #REF! | ... AI32: =SUMIFS(#REF!,#REF!,Extrato!$B32,#REF!,Extrato!AI$3) -> #REF! | AJ32: 0 | AL32: =SUM(C32:AK32) -> #REF!
B33: 46023 | C33: =AL32 -> #REF! | D33: =SUMIFS(#REF!,#REF!,Extrato!$B33,#REF!,Extrato!D$3) -> #REF! | E33: =SUMIFS(#REF!,#REF!,Extrato!$B33,#REF!,Extrato!E$3) -> #REF! | F33: =SUMIFS(#REF!,#REF!,Extrato!$B33,#REF!,Extrato!F$3) -> #REF! | G33: =SUMIFS(#REF!,#REF!,Extrato!$B33,#REF!,Extrato!G$3) -> #REF! | H33: =SUMIFS(#REF!,#REF!,Extrato!$B33,#REF!,Extrato!H$3) -> #REF! | I33: =SUMIFS(#REF!,#REF!,Extrato!$B33,#REF!,Extrato!I$3) -> #REF! | J33: =SUMIFS(#REF!,#REF!,Extrato!$B33,#REF!,Extrato!J$3) -> #REF! | K33: =SUMIFS(#REF!,#REF!,Extrato!$B33,#REF!,Extrato!K$3) -> #REF! | ... O33: =SUMIFS(#REF!,#REF!,Extrato!$B33,#REF!,Extrato!O$3) -> #REF! | P33: =SUMIF(BetFlow!B:B,B33,BetFlow!J:J) -> 0 | Q33: =SUMIFS(#REF!,#REF!,Extrato!$B33,#REF!,Extrato!Q$3) -> #REF! | R33: =SUMIFS(#REF!,#REF!,Extrato!$B33,#REF!,Extrato!R$3) -> #REF! | S33: =SUMIFS(#REF!,#REF!,Extrato!$B33,#REF!,Extrato!S$3) -> #REF! | T33: =SUMIFS(#REF!,#REF!,Extrato!$B33,#REF!,Extrato!T$3) -> #REF! | U33: =SUMIFS(#REF!,#REF!,Extrato!$B33,#REF!,Extrato!U$3) -> #REF! | V33: =SUMIFS(#REF!,#REF!,Extrato!$B33,#REF!,Extrato!V$3) -> #REF! | W33: =SUMIFS(#REF!,#REF!,Extrato!$B33,#REF!,Extrato!W$3) -> #REF! | X33: =SUMIFS(#REF!,#REF!,Extrato!$B33,#REF!,Extrato!X$3) -> #REF! | ... AI33: =SUMIFS(#REF!,#REF!,Extrato!$B33,#REF!,Extrato!AI$3) -> #REF! | AJ33: 0 | AK33: -0.01 | AL33: =SUM(C33:AK33) -> #REF!
B34: 46024 | C34: =AL33 -> #REF! | D34: =SUMIFS(#REF!,#REF!,Extrato!$B34,#REF!,Extrato!D$3) -> #REF! | E34: =SUMIFS(#REF!,#REF!,Extrato!$B34,#REF!,Extrato!E$3) -> #REF! | F34: =SUMIFS(#REF!,#REF!,Extrato!$B34,#REF!,Extrato!F$3) -> #REF! | G34: =SUMIFS(#REF!,#REF!,Extrato!$B34,#REF!,Extrato!G$3) -> #REF! | H34: =SUMIFS(#REF!,#REF!,Extrato!$B34,#REF!,Extrato!H$3) -> #REF! | I34: =SUMIFS(#REF!,#REF!,Extrato!$B34,#REF!,Extrato!I$3) -> #REF! | J34: =SUMIFS(#REF!,#REF!,Extrato!$B34,#REF!,Extrato!J$3) -> #REF! | K34: =SUMIFS(#REF!,#REF!,Extrato!$B34,#REF!,Extrato!K$3) -> #REF! | ... O34: =SUMIFS(#REF!,#REF!,Extrato!$B34,#REF!,Extrato!O$3) -> #REF! | P34: =SUMIF(BetFlow!B:B,B34,BetFlow!J:J) -> 0 | Q34: =SUMIFS(#REF!,#REF!,Extrato!$B34,#REF!,Extrato!Q$3) -> #REF! | R34: =SUMIFS(#REF!,#REF!,Extrato!$B34,#REF!,Extrato!R$3) -> #REF! | S34: =SUMIFS(#REF!,#REF!,Extrato!$B34,#REF!,Extrato!S$3) -> #REF! | T34: =SUMIFS(#REF!,#REF!,Extrato!$B34,#REF!,Extrato!T$3) -> #REF! | U34: =SUMIFS(#REF!,#REF!,Extrato!$B34,#REF!,Extrato!U$3) -> #REF! | V34: =SUMIFS(#REF!,#REF!,Extrato!$B34,#REF!,Extrato!V$3) -> #REF! | W34: =SUMIFS(#REF!,#REF!,Extrato!$B34,#REF!,Extrato!W$3) -> #REF! | X34: =SUMIFS(#REF!,#REF!,Extrato!$B34,#REF!,Extrato!X$3) -> #REF! | ... AI34: =SUMIFS(#REF!,#REF!,Extrato!$B34,#REF!,Extrato!AI$3) -> #REF! | AJ34: 0 | AL34: =SUM(C34:AK34) -> #REF!
B35: 46025 | C35: =AL34 -> #REF! | D35: =SUMIFS(#REF!,#REF!,Extrato!$B35,#REF!,Extrato!D$3) -> #REF! | E35: =SUMIFS(#REF!,#REF!,Extrato!$B35,#REF!,Extrato!E$3) -> #REF! | F35: =SUMIFS(#REF!,#REF!,Extrato!$B35,#REF!,Extrato!F$3) -> #REF! | G35: =SUMIFS(#REF!,#REF!,Extrato!$B35,#REF!,Extrato!G$3) -> #REF! | H35: =SUMIFS(#REF!,#REF!,Extrato!$B35,#REF!,Extrato!H$3) -> #REF! | I35: =SUMIFS(#REF!,#REF!,Extrato!$B35,#REF!,Extrato!I$3) -> #REF! | J35: =SUMIFS(#REF!,#REF!,Extrato!$B35,#REF!,Extrato!J$3) -> #REF! | K35: =SUMIFS(#REF!,#REF!,Extrato!$B35,#REF!,Extrato!K$3) -> #REF! | ... O35: =SUMIFS(#REF!,#REF!,Extrato!$B35,#REF!,Extrato!O$3) -> #REF! | P35: =SUMIF(BetFlow!B:B,B35,BetFlow!J:J) -> 0 | Q35: =SUMIFS(#REF!,#REF!,Extrato!$B35,#REF!,Extrato!Q$3) -> #REF! | R35: =SUMIFS(#REF!,#REF!,Extrato!$B35,#REF!,Extrato!R$3) -> #REF! | S35: =SUMIFS(#REF!,#REF!,Extrato!$B35,#REF!,Extrato!S$3) -> #REF! | T35: =SUMIFS(#REF!,#REF!,Extrato!$B35,#REF!,Extrato!T$3) -> #REF! | U35: =SUMIFS(#REF!,#REF!,Extrato!$B35,#REF!,Extrato!U$3) -> #REF! | V35: =SUMIFS(#REF!,#REF!,Extrato!$B35,#REF!,Extrato!V$3) -> #REF! | W35: =SUMIFS(#REF!,#REF!,Extrato!$B35,#REF!,Extrato!W$3) -> #REF! | X35: =SUMIFS(#REF!,#REF!,Extrato!$B35,#REF!,Extrato!X$3) -> #REF! | ... AI35: =SUMIFS(#REF!,#REF!,Extrato!$B35,#REF!,Extrato!AI$3) -> #REF! | AJ35: 0 | AL35: =SUM(C35:AK35) -> #REF!
B36: 46026 | C36: =AL35 -> #REF! | D36: =SUMIFS(#REF!,#REF!,Extrato!$B36,#REF!,Extrato!D$3) -> #REF! | E36: =SUMIFS(#REF!,#REF!,Extrato!$B36,#REF!,Extrato!E$3) -> #REF! | F36: =SUMIFS(#REF!,#REF!,Extrato!$B36,#REF!,Extrato!F$3) -> #REF! | G36: =SUMIFS(#REF!,#REF!,Extrato!$B36,#REF!,Extrato!G$3) -> #REF! | H36: =SUMIFS(#REF!,#REF!,Extrato!$B36,#REF!,Extrato!H$3) -> #REF! | I36: =SUMIFS(#REF!,#REF!,Extrato!$B36,#REF!,Extrato!I$3) -> #REF! | J36: =SUMIFS(#REF!,#REF!,Extrato!$B36,#REF!,Extrato!J$3) -> #REF! | K36: =SUMIFS(#REF!,#REF!,Extrato!$B36,#REF!,Extrato!K$3) -> #REF! | ... O36: =SUMIFS(#REF!,#REF!,Extrato!$B36,#REF!,Extrato!O$3) -> #REF! | P36: =SUMIF(BetFlow!B:B,B36,BetFlow!J:J) -> 0 | Q36: =SUMIFS(#REF!,#REF!,Extrato!$B36,#REF!,Extrato!Q$3) -> #REF! | R36: =SUMIFS(#REF!,#REF!,Extrato!$B36,#REF!,Extrato!R$3) -> #REF! | S36: =SUMIFS(#REF!,#REF!,Extrato!$B36,#REF!,Extrato!S$3) -> #REF! | T36: =SUMIFS(#REF!,#REF!,Extrato!$B36,#REF!,Extrato!T$3) -> #REF! | U36: =SUMIFS(#REF!,#REF!,Extrato!$B36,#REF!,Extrato!U$3) -> #REF! | V36: =SUMIFS(#REF!,#REF!,Extrato!$B36,#REF!,Extrato!V$3) -> #REF! | W36: =SUMIFS(#REF!,#REF!,Extrato!$B36,#REF!,Extrato!W$3) -> #REF! | X36: =SUMIFS(#REF!,#REF!,Extrato!$B36,#REF!,Extrato!X$3) -> #REF! | ... AI36: =SUMIFS(#REF!,#REF!,Extrato!$B36,#REF!,Extrato!AI$3) -> #REF! | AJ36: 0 | AK36: -0.03 | AL36: =SUM(C36:AK36) -> #REF!
B37: 46027 | C37: =AL36 -> #REF! | D37: =SUMIFS(#REF!,#REF!,Extrato!$B37,#REF!,Extrato!D$3) -> #REF! | E37: =SUMIFS(#REF!,#REF!,Extrato!$B37,#REF!,Extrato!E$3) -> #REF! | F37: =SUMIFS(#REF!,#REF!,Extrato!$B37,#REF!,Extrato!F$3) -> #REF! | G37: =SUMIFS(#REF!,#REF!,Extrato!$B37,#REF!,Extrato!G$3) -> #REF! | H37: =SUMIFS(#REF!,#REF!,Extrato!$B37,#REF!,Extrato!H$3) -> #REF! | I37: =SUMIFS(#REF!,#REF!,Extrato!$B37,#REF!,Extrato!I$3) -> #REF! | J37: =SUMIFS(#REF!,#REF!,Extrato!$B37,#REF!,Extrato!J$3) -> #REF! | K37: =SUMIFS(#REF!,#REF!,Extrato!$B37,#REF!,Extrato!K$3) -> #REF! | ... O37: =SUMIFS(#REF!,#REF!,Extrato!$B37,#REF!,Extrato!O$3) -> #REF! | P37: =SUMIF(BetFlow!B:B,B37,BetFlow!J:J) -> 0 | Q37: =SUMIFS(#REF!,#REF!,Extrato!$B37,#REF!,Extrato!Q$3) -> #REF! | R37: =SUMIFS(#REF!,#REF!,Extrato!$B37,#REF!,Extrato!R$3) -> #REF! | S37: =SUMIFS(#REF!,#REF!,Extrato!$B37,#REF!,Extrato!S$3) -> #REF! | T37: =SUMIFS(#REF!,#REF!,Extrato!$B37,#REF!,Extrato!T$3) -> #REF! | U37: =SUMIFS(#REF!,#REF!,Extrato!$B37,#REF!,Extrato!U$3) -> #REF! | V37: =SUMIFS(#REF!,#REF!,Extrato!$B37,#REF!,Extrato!V$3) -> #REF! | W37: =SUMIFS(#REF!,#REF!,Extrato!$B37,#REF!,Extrato!W$3) -> #REF! | X37: =SUMIFS(#REF!,#REF!,Extrato!$B37,#REF!,Extrato!X$3) -> #REF! | ... AI37: =SUMIFS(#REF!,#REF!,Extrato!$B37,#REF!,Extrato!AI$3) -> #REF! | AJ37: 0 | AK37: -0.02 | AL37: =SUM(C37:AK37) -> #REF!
B38: 46028 | C38: =AL37 -> #REF! | D38: =SUMIFS(#REF!,#REF!,Extrato!$B38,#REF!,Extrato!D$3) -> #REF! | E38: =SUMIFS(#REF!,#REF!,Extrato!$B38,#REF!,Extrato!E$3) -> #REF! | F38: =SUMIFS(#REF!,#REF!,Extrato!$B38,#REF!,Extrato!F$3) -> #REF! | G38: =SUMIFS(#REF!,#REF!,Extrato!$B38,#REF!,Extrato!G$3) -> #REF! | H38: =SUMIFS(#REF!,#REF!,Extrato!$B38,#REF!,Extrato!H$3) -> #REF! | I38: =SUMIFS(#REF!,#REF!,Extrato!$B38,#REF!,Extrato!I$3) -> #REF! | J38: =SUMIFS(#REF!,#REF!,Extrato!$B38,#REF!,Extrato!J$3) -> #REF! | K38: =SUMIFS(#REF!,#REF!,Extrato!$B38,#REF!,Extrato!K$3) -> #REF! | ... O38: =SUMIFS(#REF!,#REF!,Extrato!$B38,#REF!,Extrato!O$3) -> #REF! | P38: =SUMIF(BetFlow!B:B,B38,BetFlow!J:J) -> 0 | Q38: =SUMIFS(#REF!,#REF!,Extrato!$B38,#REF!,Extrato!Q$3) -> #REF! | R38: =SUMIFS(#REF!,#REF!,Extrato!$B38,#REF!,Extrato!R$3) -> #REF! | S38: =SUMIFS(#REF!,#REF!,Extrato!$B38,#REF!,Extrato!S$3) -> #REF! | T38: =SUMIFS(#REF!,#REF!,Extrato!$B38,#REF!,Extrato!T$3) -> #REF! | U38: =SUMIFS(#REF!,#REF!,Extrato!$B38,#REF!,Extrato!U$3) -> #REF! | V38: =SUMIFS(#REF!,#REF!,Extrato!$B38,#REF!,Extrato!V$3) -> #REF! | W38: =SUMIFS(#REF!,#REF!,Extrato!$B38,#REF!,Extrato!W$3) -> #REF! | X38: =SUMIFS(#REF!,#REF!,Extrato!$B38,#REF!,Extrato!X$3) -> #REF! | ... AI38: =SUMIFS(#REF!,#REF!,Extrato!$B38,#REF!,Extrato!AI$3) -> #REF! | AJ38: 0 | AK38: -0.01 | AL38: =SUM(C38:AK38) -> #REF!
B39: 46029 | C39: =AL38 -> #REF! | D39: =SUMIFS(#REF!,#REF!,Extrato!$B39,#REF!,Extrato!D$3) -> #REF! | E39: =SUMIFS(#REF!,#REF!,Extrato!$B39,#REF!,Extrato!E$3) -> #REF! | F39: =SUMIFS(#REF!,#REF!,Extrato!$B39,#REF!,Extrato!F$3) -> #REF! | G39: =SUMIFS(#REF!,#REF!,Extrato!$B39,#REF!,Extrato!G$3) -> #REF! | H39: =SUMIFS(#REF!,#REF!,Extrato!$B39,#REF!,Extrato!H$3) -> #REF! | I39: =SUMIFS(#REF!,#REF!,Extrato!$B39,#REF!,Extrato!I$3) -> #REF! | J39: =SUMIFS(#REF!,#REF!,Extrato!$B39,#REF!,Extrato!J$3) -> #REF! | K39: =SUMIFS(#REF!,#REF!,Extrato!$B39,#REF!,Extrato!K$3) -> #REF! | ... O39: =SUMIFS(#REF!,#REF!,Extrato!$B39,#REF!,Extrato!O$3) -> #REF! | P39: =SUMIF(BetFlow!B:B,B39,BetFlow!J:J) -> 0 | Q39: =SUMIFS(#REF!,#REF!,Extrato!$B39,#REF!,Extrato!Q$3) -> #REF! | R39: =SUMIFS(#REF!,#REF!,Extrato!$B39,#REF!,Extrato!R$3) -> #REF! | S39: =SUMIFS(#REF!,#REF!,Extrato!$B39,#REF!,Extrato!S$3) -> #REF! | T39: =SUMIFS(#REF!,#REF!,Extrato!$B39,#REF!,Extrato!T$3) -> #REF! | U39: =SUMIFS(#REF!,#REF!,Extrato!$B39,#REF!,Extrato!U$3) -> #REF! | V39: =SUMIFS(#REF!,#REF!,Extrato!$B39,#REF!,Extrato!V$3) -> #REF! | W39: =SUMIFS(#REF!,#REF!,Extrato!$B39,#REF!,Extrato!W$3) -> #REF! | X39: =SUMIFS(#REF!,#REF!,Extrato!$B39,#REF!,Extrato!X$3) -> #REF! | ... AI39: =SUMIFS(#REF!,#REF!,Extrato!$B39,#REF!,Extrato!AI$3) -> #REF! | AJ39: 0 | AK39: 0.01 | AL39: =SUM(C39:AK39) -> #REF!
B40: 46030 | C40: =AL39 -> #REF! | D40: =SUMIFS(#REF!,#REF!,Extrato!$B40,#REF!,Extrato!D$3) -> #REF! | E40: =SUMIFS(#REF!,#REF!,Extrato!$B40,#REF!,Extrato!E$3) -> #REF! | F40: =SUMIFS(#REF!,#REF!,Extrato!$B40,#REF!,Extrato!F$3) -> #REF! | G40: =SUMIFS(#REF!,#REF!,Extrato!$B40,#REF!,Extrato!G$3) -> #REF! | H40: =SUMIFS(#REF!,#REF!,Extrato!$B40,#REF!,Extrato!H$3) -> #REF! | I40: =SUMIFS(#REF!,#REF!,Extrato!$B40,#REF!,Extrato!I$3) -> #REF! | J40: =SUMIFS(#REF!,#REF!,Extrato!$B40,#REF!,Extrato!J$3) -> #REF! | K40: =SUMIFS(#REF!,#REF!,Extrato!$B40,#REF!,Extrato!K$3) -> #REF! | ... O40: =SUMIFS(#REF!,#REF!,Extrato!$B40,#REF!,Extrato!O$3) -> #REF! | P40: =SUMIF(BetFlow!B:B,B40,BetFlow!J:J) -> 0 | Q40: =SUMIFS(#REF!,#REF!,Extrato!$B40,#REF!,Extrato!Q$3) -> #REF! | R40: =SUMIFS(#REF!,#REF!,Extrato!$B40,#REF!,Extrato!R$3) -> #REF! | S40: =SUMIFS(#REF!,#REF!,Extrato!$B40,#REF!,Extrato!S$3) -> #REF! | T40: =SUMIFS(#REF!,#REF!,Extrato!$B40,#REF!,Extrato!T$3) -> #REF! | U40: =SUMIFS(#REF!,#REF!,Extrato!$B40,#REF!,Extrato!U$3) -> #REF! | V40: =SUMIFS(#REF!,#REF!,Extrato!$B40,#REF!,Extrato!V$3) -> #REF! | W40: =SUMIFS(#REF!,#REF!,Extrato!$B40,#REF!,Extrato!W$3) -> #REF! | X40: =SUMIFS(#REF!,#REF!,Extrato!$B40,#REF!,Extrato!X$3) -> #REF! | ... AI40: =SUMIFS(#REF!,#REF!,Extrato!$B40,#REF!,Extrato!AI$3) -> #REF! | AJ40: 0 | AL40: =SUM(C40:AK40) -> #REF!
B41: 46031 | C41: =AL40 -> #REF! | D41: =SUMIFS(#REF!,#REF!,Extrato!$B41,#REF!,Extrato!D$3) -> #REF! | E41: =SUMIFS(#REF!,#REF!,Extrato!$B41,#REF!,Extrato!E$3) -> #REF! | F41: =SUMIFS(#REF!,#REF!,Extrato!$B41,#REF!,Extrato!F$3) -> #REF! | G41: =SUMIFS(#REF!,#REF!,Extrato!$B41,#REF!,Extrato!G$3) -> #REF! | H41: =SUMIFS(#REF!,#REF!,Extrato!$B41,#REF!,Extrato!H$3) -> #REF! | I41: =SUMIFS(#REF!,#REF!,Extrato!$B41,#REF!,Extrato!I$3) -> #REF! | J41: =SUMIFS(#REF!,#REF!,Extrato!$B41,#REF!,Extrato!J$3) -> #REF! | K41: =SUMIFS(#REF!,#REF!,Extrato!$B41,#REF!,Extrato!K$3) -> #REF! | ... O41: =SUMIFS(#REF!,#REF!,Extrato!$B41,#REF!,Extrato!O$3) -> #REF! | P41: =SUMIF(BetFlow!B:B,B41,BetFlow!J:J) -> 0 | Q41: =SUMIFS(#REF!,#REF!,Extrato!$B41,#REF!,Extrato!Q$3) -> #REF! | R41: =SUMIFS(#REF!,#REF!,Extrato!$B41,#REF!,Extrato!R$3) -> #REF! | S41: =SUMIFS(#REF!,#REF!,Extrato!$B41,#REF!,Extrato!S$3) -> #REF! | T41: =SUMIFS(#REF!,#REF!,Extrato!$B41,#REF!,Extrato!T$3) -> #REF! | U41: =SUMIFS(#REF!,#REF!,Extrato!$B41,#REF!,Extrato!U$3) -> #REF! | V41: =SUMIFS(#REF!,#REF!,Extrato!$B41,#REF!,Extrato!V$3) -> #REF! | W41: =SUMIFS(#REF!,#REF!,Extrato!$B41,#REF!,Extrato!W$3) -> #REF! | X41: =SUMIFS(#REF!,#REF!,Extrato!$B41,#REF!,Extrato!X$3) -> #REF! | ... AI41: =SUMIFS(#REF!,#REF!,Extrato!$B41,#REF!,Extrato!AI$3) -> #REF! | AJ41: 0 | AL41: =SUM(C41:AK41) -> #REF!
B42: 46032 | C42: =AL41 -> #REF! | D42: =SUMIFS(#REF!,#REF!,Extrato!$B42,#REF!,Extrato!D$3) -> #REF! | E42: =SUMIFS(#REF!,#REF!,Extrato!$B42,#REF!,Extrato!E$3) -> #REF! | F42: =SUMIFS(#REF!,#REF!,Extrato!$B42,#REF!,Extrato!F$3) -> #REF! | G42: =SUMIFS(#REF!,#REF!,Extrato!$B42,#REF!,Extrato!G$3) -> #REF! | H42: =SUMIFS(#REF!,#REF!,Extrato!$B42,#REF!,Extrato!H$3) -> #REF! | I42: =SUMIFS(#REF!,#REF!,Extrato!$B42,#REF!,Extrato!I$3) -> #REF! | J42: =SUMIFS(#REF!,#REF!,Extrato!$B42,#REF!,Extrato!J$3) -> #REF! | K42: =SUMIFS(#REF!,#REF!,Extrato!$B42,#REF!,Extrato!K$3) -> #REF! | ... O42: =SUMIFS(#REF!,#REF!,Extrato!$B42,#REF!,Extrato!O$3) -> #REF! | P42: =SUMIF(BetFlow!B:B,B42,BetFlow!J:J) -> 0 | Q42: =SUMIFS(#REF!,#REF!,Extrato!$B42,#REF!,Extrato!Q$3) -> #REF! | R42: =SUMIFS(#REF!,#REF!,Extrato!$B42,#REF!,Extrato!R$3) -> #REF! | S42: =SUMIFS(#REF!,#REF!,Extrato!$B42,#REF!,Extrato!S$3) -> #REF! | T42: =SUMIFS(#REF!,#REF!,Extrato!$B42,#REF!,Extrato!T$3) -> #REF! | U42: =SUMIFS(#REF!,#REF!,Extrato!$B42,#REF!,Extrato!U$3) -> #REF! | V42: =SUMIFS(#REF!,#REF!,Extrato!$B42,#REF!,Extrato!V$3) -> #REF! | W42: =SUMIFS(#REF!,#REF!,Extrato!$B42,#REF!,Extrato!W$3) -> #REF! | X42: =SUMIFS(#REF!,#REF!,Extrato!$B42,#REF!,Extrato!X$3) -> #REF! | ... AI42: =SUMIFS(#REF!,#REF!,Extrato!$B42,#REF!,Extrato!AI$3) -> #REF! | AJ42: 0 | AK42: -0.04 | AL42: =SUM(C42:AK42) -> #REF!
B43: 46033 | C43: =AL42 -> #REF! | D43: =SUMIFS(#REF!,#REF!,Extrato!$B43,#REF!,Extrato!D$3) -> #REF! | E43: =SUMIFS(#REF!,#REF!,Extrato!$B43,#REF!,Extrato!E$3) -> #REF! | F43: =SUMIFS(#REF!,#REF!,Extrato!$B43,#REF!,Extrato!F$3) -> #REF! | G43: =SUMIFS(#REF!,#REF!,Extrato!$B43,#REF!,Extrato!G$3) -> #REF! | H43: =SUMIFS(#REF!,#REF!,Extrato!$B43,#REF!,Extrato!H$3) -> #REF! | I43: =SUMIFS(#REF!,#REF!,Extrato!$B43,#REF!,Extrato!I$3) -> #REF! | J43: =SUMIFS(#REF!,#REF!,Extrato!$B43,#REF!,Extrato!J$3) -> #REF! | K43: =SUMIFS(#REF!,#REF!,Extrato!$B43,#REF!,Extrato!K$3) -> #REF! | ... O43: =SUMIFS(#REF!,#REF!,Extrato!$B43,#REF!,Extrato!O$3) -> #REF! | P43: =SUMIF(BetFlow!B:B,B43,BetFlow!J:J) -> 0 | Q43: =SUMIFS(#REF!,#REF!,Extrato!$B43,#REF!,Extrato!Q$3) -> #REF! | R43: =SUMIFS(#REF!,#REF!,Extrato!$B43,#REF!,Extrato!R$3) -> #REF! | S43: =SUMIFS(#REF!,#REF!,Extrato!$B43,#REF!,Extrato!S$3) -> #REF! | T43: =SUMIFS(#REF!,#REF!,Extrato!$B43,#REF!,Extrato!T$3) -> #REF! | U43: =SUMIFS(#REF!,#REF!,Extrato!$B43,#REF!,Extrato!U$3) -> #REF! | V43: =SUMIFS(#REF!,#REF!,Extrato!$B43,#REF!,Extrato!V$3) -> #REF! | W43: =SUMIFS(#REF!,#REF!,Extrato!$B43,#REF!,Extrato!W$3) -> #REF! | X43: =SUMIFS(#REF!,#REF!,Extrato!$B43,#REF!,Extrato!X$3) -> #REF! | ... AI43: =SUMIFS(#REF!,#REF!,Extrato!$B43,#REF!,Extrato!AI$3) -> #REF! | AJ43: 0 | AK43: 0.02 | AL43: =SUM(C43:AK43) -> #REF!
B44: 46034 | C44: =AL43 -> #REF! | D44: =SUMIFS(#REF!,#REF!,Extrato!$B44,#REF!,Extrato!D$3) -> #REF! | E44: =SUMIFS(#REF!,#REF!,Extrato!$B44,#REF!,Extrato!E$3) -> #REF! | F44: =SUMIFS(#REF!,#REF!,Extrato!$B44,#REF!,Extrato!F$3) -> #REF! | G44: =SUMIFS(#REF!,#REF!,Extrato!$B44,#REF!,Extrato!G$3) -> #REF! | H44: =SUMIFS(#REF!,#REF!,Extrato!$B44,#REF!,Extrato!H$3) -> #REF! | I44: =SUMIFS(#REF!,#REF!,Extrato!$B44,#REF!,Extrato!I$3) -> #REF! | J44: =SUMIFS(#REF!,#REF!,Extrato!$B44,#REF!,Extrato!J$3) -> #REF! | K44: =SUMIFS(#REF!,#REF!,Extrato!$B44,#REF!,Extrato!K$3) -> #REF! | ... O44: =SUMIFS(#REF!,#REF!,Extrato!$B44,#REF!,Extrato!O$3) -> #REF! | P44: =SUMIF(BetFlow!B:B,B44,BetFlow!J:J) -> 0 | Q44: =SUMIFS(#REF!,#REF!,Extrato!$B44,#REF!,Extrato!Q$3) -> #REF! | R44: =SUMIFS(#REF!,#REF!,Extrato!$B44,#REF!,Extrato!R$3) -> #REF! | S44: =SUMIFS(#REF!,#REF!,Extrato!$B44,#REF!,Extrato!S$3) -> #REF! | T44: =SUMIFS(#REF!,#REF!,Extrato!$B44,#REF!,Extrato!T$3) -> #REF! | U44: =SUMIFS(#REF!,#REF!,Extrato!$B44,#REF!,Extrato!U$3) -> #REF! | V44: =SUMIFS(#REF!,#REF!,Extrato!$B44,#REF!,Extrato!V$3) -> #REF! | W44: =SUMIFS(#REF!,#REF!,Extrato!$B44,#REF!,Extrato!W$3) -> #REF! | X44: =SUMIFS(#REF!,#REF!,Extrato!$B44,#REF!,Extrato!X$3) -> #REF! | ... AI44: =SUMIFS(#REF!,#REF!,Extrato!$B44,#REF!,Extrato!AI$3) -> #REF! | AJ44: 0 | AL44: =SUM(C44:AK44) -> #REF!
B45: 46035 | C45: =AL44 -> #REF! | D45: =SUMIFS(#REF!,#REF!,Extrato!$B45,#REF!,Extrato!D$3) -> #REF! | E45: =SUMIFS(#REF!,#REF!,Extrato!$B45,#REF!,Extrato!E$3) -> #REF! | F45: =SUMIFS(#REF!,#REF!,Extrato!$B45,#REF!,Extrato!F$3) -> #REF! | G45: =SUMIFS(#REF!,#REF!,Extrato!$B45,#REF!,Extrato!G$3) -> #REF! | H45: =SUMIFS(#REF!,#REF!,Extrato!$B45,#REF!,Extrato!H$3) -> #REF! | I45: =SUMIFS(#REF!,#REF!,Extrato!$B45,#REF!,Extrato!I$3) -> #REF! | J45: =SUMIFS(#REF!,#REF!,Extrato!$B45,#REF!,Extrato!J$3) -> #REF! | K45: =SUMIFS(#REF!,#REF!,Extrato!$B45,#REF!,Extrato!K$3) -> #REF! | ... O45: =SUMIFS(#REF!,#REF!,Extrato!$B45,#REF!,Extrato!O$3) -> #REF! | P45: =SUMIF(BetFlow!B:B,B45,BetFlow!J:J) -> 0 | Q45: =SUMIFS(#REF!,#REF!,Extrato!$B45,#REF!,Extrato!Q$3) -> #REF! | R45: =SUMIFS(#REF!,#REF!,Extrato!$B45,#REF!,Extrato!R$3) -> #REF! | S45: =SUMIFS(#REF!,#REF!,Extrato!$B45,#REF!,Extrato!S$3) -> #REF! | T45: =SUMIFS(#REF!,#REF!,Extrato!$B45,#REF!,Extrato!T$3) -> #REF! | U45: =SUMIFS(#REF!,#REF!,Extrato!$B45,#REF!,Extrato!U$3) -> #REF! | V45: =SUMIFS(#REF!,#REF!,Extrato!$B45,#REF!,Extrato!V$3) -> #REF! | W45: =SUMIFS(#REF!,#REF!,Extrato!$B45,#REF!,Extrato!W$3) -> #REF! | X45: =SUMIFS(#REF!,#REF!,Extrato!$B45,#REF!,Extrato!X$3) -> #REF! | ... AI45: =SUMIFS(#REF!,#REF!,Extrato!$B45,#REF!,Extrato!AI$3) -> #REF! | AJ45: 0 | AK45: -0.02 | AL45: =SUM(C45:AK45) -> #REF!
B46: 46036 | C46: =AL45 -> #REF! | D46: =SUMIFS(#REF!,#REF!,Extrato!$B46,#REF!,Extrato!D$3) -> #REF! | E46: =SUMIFS(#REF!,#REF!,Extrato!$B46,#REF!,Extrato!E$3) -> #REF! | F46: =SUMIFS(#REF!,#REF!,Extrato!$B46,#REF!,Extrato!F$3) -> #REF! | G46: =SUMIFS(#REF!,#REF!,Extrato!$B46,#REF!,Extrato!G$3) -> #REF! | H46: =SUMIFS(#REF!,#REF!,Extrato!$B46,#REF!,Extrato!H$3) -> #REF! | I46: =SUMIFS(#REF!,#REF!,Extrato!$B46,#REF!,Extrato!I$3) -> #REF! | J46: =SUMIFS(#REF!,#REF!,Extrato!$B46,#REF!,Extrato!J$3) -> #REF! | K46: =SUMIFS(#REF!,#REF!,Extrato!$B46,#REF!,Extrato!K$3) -> #REF! | ... O46: =SUMIFS(#REF!,#REF!,Extrato!$B46,#REF!,Extrato!O$3) -> #REF! | P46: =SUMIF(BetFlow!B:B,B46,BetFlow!J:J) -> 0 | Q46: =SUMIFS(#REF!,#REF!,Extrato!$B46,#REF!,Extrato!Q$3) -> #REF! | R46: =SUMIFS(#REF!,#REF!,Extrato!$B46,#REF!,Extrato!R$3) -> #REF! | S46: =SUMIFS(#REF!,#REF!,Extrato!$B46,#REF!,Extrato!S$3) -> #REF! | T46: =SUMIFS(#REF!,#REF!,Extrato!$B46,#REF!,Extrato!T$3) -> #REF! | U46: =SUMIFS(#REF!,#REF!,Extrato!$B46,#REF!,Extrato!U$3) -> #REF! | V46: =SUMIFS(#REF!,#REF!,Extrato!$B46,#REF!,Extrato!V$3) -> #REF! | W46: =SUMIFS(#REF!,#REF!,Extrato!$B46,#REF!,Extrato!W$3) -> #REF! | X46: =SUMIFS(#REF!,#REF!,Extrato!$B46,#REF!,Extrato!X$3) -> #REF! | ... AI46: =SUMIFS(#REF!,#REF!,Extrato!$B46,#REF!,Extrato!AI$3) -> #REF! | AJ46: 0 | AL46: =SUM(C46:AK46) -> #REF!
B47: 46037 | C47: =AL46 -> #REF! | D47: =SUMIFS(#REF!,#REF!,Extrato!$B47,#REF!,Extrato!D$3) -> #REF! | E47: =SUMIFS(#REF!,#REF!,Extrato!$B47,#REF!,Extrato!E$3) -> #REF! | F47: =SUMIFS(#REF!,#REF!,Extrato!$B47,#REF!,Extrato!F$3) -> #REF! | G47: =SUMIFS(#REF!,#REF!,Extrato!$B47,#REF!,Extrato!G$3) -> #REF! | H47: =SUMIFS(#REF!,#REF!,Extrato!$B47,#REF!,Extrato!H$3) -> #REF! | I47: =SUMIFS(#REF!,#REF!,Extrato!$B47,#REF!,Extrato!I$3) -> #REF! | J47: =SUMIFS(#REF!,#REF!,Extrato!$B47,#REF!,Extrato!J$3) -> #REF! | K47: =SUMIFS(#REF!,#REF!,Extrato!$B47,#REF!,Extrato!K$3) -> #REF! | ... O47: =SUMIFS(#REF!,#REF!,Extrato!$B47,#REF!,Extrato!O$3) -> #REF! | P47: =SUMIF(BetFlow!B:B,B47,BetFlow!J:J) -> 0 | Q47: =SUMIFS(#REF!,#REF!,Extrato!$B47,#REF!,Extrato!Q$3) -> #REF! | R47: =SUMIFS(#REF!,#REF!,Extrato!$B47,#REF!,Extrato!R$3) -> #REF! | S47: =SUMIFS(#REF!,#REF!,Extrato!$B47,#REF!,Extrato!S$3) -> #REF! | T47: =SUMIFS(#REF!,#REF!,Extrato!$B47,#REF!,Extrato!T$3) -> #REF! | U47: =SUMIFS(#REF!,#REF!,Extrato!$B47,#REF!,Extrato!U$3) -> #REF! | V47: =SUMIFS(#REF!,#REF!,Extrato!$B47,#REF!,Extrato!V$3) -> #REF! | W47: =SUMIFS(#REF!,#REF!,Extrato!$B47,#REF!,Extrato!W$3) -> #REF! | X47: =SUMIFS(#REF!,#REF!,Extrato!$B47,#REF!,Extrato!X$3) -> #REF! | ... AI47: =SUMIFS(#REF!,#REF!,Extrato!$B47,#REF!,Extrato!AI$3) -> #REF! | AJ47: 0 | AK47: 0.01 | AL47: =SUM(C47:AK47) -> #REF!
B48: 46038 | C48: =AL47 -> #REF! | D48: =SUMIFS(#REF!,#REF!,Extrato!$B48,#REF!,Extrato!D$3) -> #REF! | E48: =SUMIFS(#REF!,#REF!,Extrato!$B48,#REF!,Extrato!E$3) -> #REF! | F48: =SUMIFS(#REF!,#REF!,Extrato!$B48,#REF!,Extrato!F$3) -> #REF! | G48: =SUMIFS(#REF!,#REF!,Extrato!$B48,#REF!,Extrato!G$3) -> #REF! | H48: =SUMIFS(#REF!,#REF!,Extrato!$B48,#REF!,Extrato!H$3) -> #REF! | I48: =SUMIFS(#REF!,#REF!,Extrato!$B48,#REF!,Extrato!I$3) -> #REF! | J48: =SUMIFS(#REF!,#REF!,Extrato!$B48,#REF!,Extrato!J$3) -> #REF! | K48: =SUMIFS(#REF!,#REF!,Extrato!$B48,#REF!,Extrato!K$3) -> #REF! | ... O48: =SUMIFS(#REF!,#REF!,Extrato!$B48,#REF!,Extrato!O$3) -> #REF! | P48: =SUMIF(BetFlow!B:B,B48,BetFlow!J:J) -> 0 | Q48: =SUMIFS(#REF!,#REF!,Extrato!$B48,#REF!,Extrato!Q$3) -> #REF! | R48: =SUMIFS(#REF!,#REF!,Extrato!$B48,#REF!,Extrato!R$3) -> #REF! | S48: =SUMIFS(#REF!,#REF!,Extrato!$B48,#REF!,Extrato!S$3) -> #REF! | T48: =SUMIFS(#REF!,#REF!,Extrato!$B48,#REF!,Extrato!T$3) -> #REF! | U48: =SUMIFS(#REF!,#REF!,Extrato!$B48,#REF!,Extrato!U$3) -> #REF! | V48: =SUMIFS(#REF!,#REF!,Extrato!$B48,#REF!,Extrato!V$3) -> #REF! | W48: =SUMIFS(#REF!,#REF!,Extrato!$B48,#REF!,Extrato!W$3) -> #REF! | X48: =SUMIFS(#REF!,#REF!,Extrato!$B48,#REF!,Extrato!X$3) -> #REF! | ... AI48: =SUMIFS(#REF!,#REF!,Extrato!$B48,#REF!,Extrato!AI$3) -> #REF! | AJ48: 0 | AK48: -0.01 | AL48: =SUM(C48:AK48) -> #REF!
B49: 46039 | C49: =AL48 -> #REF! | D49: =SUMIFS(#REF!,#REF!,Extrato!$B49,#REF!,Extrato!D$3) -> #REF! | E49: =SUMIFS(#REF!,#REF!,Extrato!$B49,#REF!,Extrato!E$3) -> #REF! | F49: =SUMIFS(#REF!,#REF!,Extrato!$B49,#REF!,Extrato!F$3) -> #REF! | G49: =SUMIFS(#REF!,#REF!,Extrato!$B49,#REF!,Extrato!G$3) -> #REF! | H49: =SUMIFS(#REF!,#REF!,Extrato!$B49,#REF!,Extrato!H$3) -> #REF! | I49: =SUMIFS(#REF!,#REF!,Extrato!$B49,#REF!,Extrato!I$3) -> #REF! | J49: =SUMIFS(#REF!,#REF!,Extrato!$B49,#REF!,Extrato!J$3) -> #REF! | K49: =SUMIFS(#REF!,#REF!,Extrato!$B49,#REF!,Extrato!K$3) -> #REF! | ... O49: =SUMIFS(#REF!,#REF!,Extrato!$B49,#REF!,Extrato!O$3) -> #REF! | P49: =SUMIF(BetFlow!B:B,B49,BetFlow!J:J) -> 0 | Q49: =SUMIFS(#REF!,#REF!,Extrato!$B49,#REF!,Extrato!Q$3) -> #REF! | R49: =SUMIFS(#REF!,#REF!,Extrato!$B49,#REF!,Extrato!R$3) -> #REF! | S49: =SUMIFS(#REF!,#REF!,Extrato!$B49,#REF!,Extrato!S$3) -> #REF! | T49: =SUMIFS(#REF!,#REF!,Extrato!$B49,#REF!,Extrato!T$3) -> #REF! | U49: =SUMIFS(#REF!,#REF!,Extrato!$B49,#REF!,Extrato!U$3) -> #REF! | V49: =SUMIFS(#REF!,#REF!,Extrato!$B49,#REF!,Extrato!V$3) -> #REF! | W49: =SUMIFS(#REF!,#REF!,Extrato!$B49,#REF!,Extrato!W$3) -> #REF! | X49: =SUMIFS(#REF!,#REF!,Extrato!$B49,#REF!,Extrato!X$3) -> #REF! | ... AI49: =SUMIFS(#REF!,#REF!,Extrato!$B49,#REF!,Extrato!AI$3) -> #REF! | AJ49: 0 | AK49: -0.03 | AL49: =SUM(C49:AK49) -> #REF!
B50: 46040 | C50: =AL49 -> #REF! | D50: =SUMIFS(#REF!,#REF!,Extrato!$B50,#REF!,Extrato!D$3) -> #REF! | E50: =SUMIFS(#REF!,#REF!,Extrato!$B50,#REF!,Extrato!E$3) -> #REF! | F50: =SUMIFS(#REF!,#REF!,Extrato!$B50,#REF!,Extrato!F$3) -> #REF! | G50: =SUMIFS(#REF!,#REF!,Extrato!$B50,#REF!,Extrato!G$3) -> #REF! | H50: =SUMIFS(#REF!,#REF!,Extrato!$B50,#REF!,Extrato!H$3) -> #REF! | I50: =SUMIFS(#REF!,#REF!,Extrato!$B50,#REF!,Extrato!I$3) -> #REF! | J50: =SUMIFS(#REF!,#REF!,Extrato!$B50,#REF!,Extrato!J$3) -> #REF! | K50: =SUMIFS(#REF!,#REF!,Extrato!$B50,#REF!,Extrato!K$3) -> #REF! | ... O50: =SUMIFS(#REF!,#REF!,Extrato!$B50,#REF!,Extrato!O$3) -> #REF! | P50: =SUMIF(BetFlow!B:B,B50,BetFlow!J:J) -> 0 | Q50: =SUMIFS(#REF!,#REF!,Extrato!$B50,#REF!,Extrato!Q$3) -> #REF! | R50: =SUMIFS(#REF!,#REF!,Extrato!$B50,#REF!,Extrato!R$3) -> #REF! | S50: =SUMIFS(#REF!,#REF!,Extrato!$B50,#REF!,Extrato!S$3) -> #REF! | T50: =SUMIFS(#REF!,#REF!,Extrato!$B50,#REF!,Extrato!T$3) -> #REF! | U50: =SUMIFS(#REF!,#REF!,Extrato!$B50,#REF!,Extrato!U$3) -> #REF! | V50: =SUMIFS(#REF!,#REF!,Extrato!$B50,#REF!,Extrato!V$3) -> #REF! | W50: =SUMIFS(#REF!,#REF!,Extrato!$B50,#REF!,Extrato!W$3) -> #REF! | X50: =SUMIFS(#REF!,#REF!,Extrato!$B50,#REF!,Extrato!X$3) -> #REF! | ... AI50: =SUMIFS(#REF!,#REF!,Extrato!$B50,#REF!,Extrato!AI$3) -> #REF! | AJ50: 0 | AK50: -0.01 | AL50: =SUM(C50:AK50) -> #REF!
B51: 46041 | C51: =AL50 -> #REF! | D51: =SUMIFS(#REF!,#REF!,Extrato!$B51,#REF!,Extrato!D$3) -> #REF! | E51: =SUMIFS(#REF!,#REF!,Extrato!$B51,#REF!,Extrato!E$3) -> #REF! | F51: =SUMIFS(#REF!,#REF!,Extrato!$B51,#REF!,Extrato!F$3) -> #REF! | G51: =SUMIFS(#REF!,#REF!,Extrato!$B51,#REF!,Extrato!G$3) -> #REF! | H51: =SUMIFS(#REF!,#REF!,Extrato!$B51,#REF!,Extrato!H$3) -> #REF! | I51: =SUMIFS(#REF!,#REF!,Extrato!$B51,#REF!,Extrato!I$3) -> #REF! | J51: =SUMIFS(#REF!,#REF!,Extrato!$B51,#REF!,Extrato!J$3) -> #REF! | K51: =SUMIFS(#REF!,#REF!,Extrato!$B51,#REF!,Extrato!K$3) -> #REF! | ... O51: =SUMIFS(#REF!,#REF!,Extrato!$B51,#REF!,Extrato!O$3) -> #REF! | P51: =SUMIF(BetFlow!B:B,B51,BetFlow!J:J) -> 0 | Q51: =SUMIFS(#REF!,#REF!,Extrato!$B51,#REF!,Extrato!Q$3) -> #REF! | R51: =SUMIFS(#REF!,#REF!,Extrato!$B51,#REF!,Extrato!R$3) -> #REF! | S51: =SUMIFS(#REF!,#REF!,Extrato!$B51,#REF!,Extrato!S$3) -> #REF! | T51: =SUMIFS(#REF!,#REF!,Extrato!$B51,#REF!,Extrato!T$3) -> #REF! | U51: =SUMIFS(#REF!,#REF!,Extrato!$B51,#REF!,Extrato!U$3) -> #REF! | V51: =SUMIFS(#REF!,#REF!,Extrato!$B51,#REF!,Extrato!V$3) -> #REF! | W51: =SUMIFS(#REF!,#REF!,Extrato!$B51,#REF!,Extrato!W$3) -> #REF! | X51: =SUMIFS(#REF!,#REF!,Extrato!$B51,#REF!,Extrato!X$3) -> #REF! | ... AI51: =SUMIFS(#REF!,#REF!,Extrato!$B51,#REF!,Extrato!AI$3) -> #REF! | AJ51: 0 | AL51: =SUM(C51:AK51) -> #REF!
B52: 46042 | C52: =AL51 -> #REF! | D52: =SUMIFS(#REF!,#REF!,Extrato!$B52,#REF!,Extrato!D$3) -> #REF! | E52: =SUMIFS(#REF!,#REF!,Extrato!$B52,#REF!,Extrato!E$3) -> #REF! | F52: =SUMIFS(#REF!,#REF!,Extrato!$B52,#REF!,Extrato!F$3) -> #REF! | G52: =SUMIFS(#REF!,#REF!,Extrato!$B52,#REF!,Extrato!G$3) -> #REF! | H52: =SUMIFS(#REF!,#REF!,Extrato!$B52,#REF!,Extrato!H$3) -> #REF! | I52: =SUMIFS(#REF!,#REF!,Extrato!$B52,#REF!,Extrato!I$3) -> #REF! | J52: =SUMIFS(#REF!,#REF!,Extrato!$B52,#REF!,Extrato!J$3) -> #REF! | K52: =SUMIFS(#REF!,#REF!,Extrato!$B52,#REF!,Extrato!K$3) -> #REF! | ... O52: =SUMIFS(#REF!,#REF!,Extrato!$B52,#REF!,Extrato!O$3) -> #REF! | P52: =SUMIF(BetFlow!B:B,B52,BetFlow!J:J) -> 0 | Q52: =SUMIFS(#REF!,#REF!,Extrato!$B52,#REF!,Extrato!Q$3) -> #REF! | R52: =SUMIFS(#REF!,#REF!,Extrato!$B52,#REF!,Extrato!R$3) -> #REF! | S52: =SUMIFS(#REF!,#REF!,Extrato!$B52,#REF!,Extrato!S$3) -> #REF! | T52: =SUMIFS(#REF!,#REF!,Extrato!$B52,#REF!,Extrato!T$3) -> #REF! | U52: =SUMIFS(#REF!,#REF!,Extrato!$B52,#REF!,Extrato!U$3) -> #REF! | V52: =SUMIFS(#REF!,#REF!,Extrato!$B52,#REF!,Extrato!V$3) -> #REF! | W52: =SUMIFS(#REF!,#REF!,Extrato!$B52,#REF!,Extrato!W$3) -> #REF! | X52: =SUMIFS(#REF!,#REF!,Extrato!$B52,#REF!,Extrato!X$3) -> #REF! | ... AI52: =SUMIFS(#REF!,#REF!,Extrato!$B52,#REF!,Extrato!AI$3) -> #REF! | AJ52: 0 | AK52: -0.01 | AL52: =SUM(C52:AK52) -> #REF!
B53: 46043 | C53: =AL52 -> #REF! | D53: =SUMIFS(#REF!,#REF!,Extrato!$B53,#REF!,Extrato!D$3) -> #REF! | E53: =SUMIFS(#REF!,#REF!,Extrato!$B53,#REF!,Extrato!E$3) -> #REF! | F53: =SUMIFS(#REF!,#REF!,Extrato!$B53,#REF!,Extrato!F$3) -> #REF! | G53: =SUMIFS(#REF!,#REF!,Extrato!$B53,#REF!,Extrato!G$3) -> #REF! | H53: =SUMIFS(#REF!,#REF!,Extrato!$B53,#REF!,Extrato!H$3) -> #REF! | I53: =SUMIFS(#REF!,#REF!,Extrato!$B53,#REF!,Extrato!I$3) -> #REF! | J53: =SUMIFS(#REF!,#REF!,Extrato!$B53,#REF!,Extrato!J$3) -> #REF! | K53: =SUMIFS(#REF!,#REF!,Extrato!$B53,#REF!,Extrato!K$3) -> #REF! | ... O53: =SUMIFS(#REF!,#REF!,Extrato!$B53,#REF!,Extrato!O$3) -> #REF! | P53: =SUMIF(BetFlow!B:B,B53,BetFlow!J:J) -> 0 | Q53: =SUMIFS(#REF!,#REF!,Extrato!$B53,#REF!,Extrato!Q$3) -> #REF! | R53: =SUMIFS(#REF!,#REF!,Extrato!$B53,#REF!,Extrato!R$3) -> #REF! | S53: =SUMIFS(#REF!,#REF!,Extrato!$B53,#REF!,Extrato!S$3) -> #REF! | T53: =SUMIFS(#REF!,#REF!,Extrato!$B53,#REF!,Extrato!T$3) -> #REF! | U53: =SUMIFS(#REF!,#REF!,Extrato!$B53,#REF!,Extrato!U$3) -> #REF! | V53: =SUMIFS(#REF!,#REF!,Extrato!$B53,#REF!,Extrato!V$3) -> #REF! | W53: =SUMIFS(#REF!,#REF!,Extrato!$B53,#REF!,Extrato!W$3) -> #REF! | X53: =SUMIFS(#REF!,#REF!,Extrato!$B53,#REF!,Extrato!X$3) -> #REF! | ... AI53: =SUMIFS(#REF!,#REF!,Extrato!$B53,#REF!,Extrato!AI$3) -> #REF! | AJ53: 0 | AL53: =SUM(C53:AK53) -> #REF!
B54: 46044 | C54: =AL53 -> #REF! | D54: =SUMIFS(#REF!,#REF!,Extrato!$B54,#REF!,Extrato!D$3) -> #REF! | E54: =SUMIFS(#REF!,#REF!,Extrato!$B54,#REF!,Extrato!E$3) -> #REF! | F54: =SUMIFS(#REF!,#REF!,Extrato!$B54,#REF!,Extrato!F$3) -> #REF! | G54: =SUMIFS(#REF!,#REF!,Extrato!$B54,#REF!,Extrato!G$3) -> #REF! | H54: =SUMIFS(#REF!,#REF!,Extrato!$B54,#REF!,Extrato!H$3) -> #REF! | I54: =SUMIFS(#REF!,#REF!,Extrato!$B54,#REF!,Extrato!I$3) -> #REF! | J54: =SUMIFS(#REF!,#REF!,Extrato!$B54,#REF!,Extrato!J$3) -> #REF! | K54: =SUMIFS(#REF!,#REF!,Extrato!$B54,#REF!,Extrato!K$3) -> #REF! | ... O54: =SUMIFS(#REF!,#REF!,Extrato!$B54,#REF!,Extrato!O$3) -> #REF! | P54: =SUMIF(BetFlow!B:B,B54,BetFlow!J:J) -> 0 | Q54: =SUMIFS(#REF!,#REF!,Extrato!$B54,#REF!,Extrato!Q$3) -> #REF! | R54: =SUMIFS(#REF!,#REF!,Extrato!$B54,#REF!,Extrato!R$3) -> #REF! | S54: =SUMIFS(#REF!,#REF!,Extrato!$B54,#REF!,Extrato!S$3) -> #REF! | T54: =SUMIFS(#REF!,#REF!,Extrato!$B54,#REF!,Extrato!T$3) -> #REF! | U54: =SUMIFS(#REF!,#REF!,Extrato!$B54,#REF!,Extrato!U$3) -> #REF! | V54: =SUMIFS(#REF!,#REF!,Extrato!$B54,#REF!,Extrato!V$3) -> #REF! | W54: =SUMIFS(#REF!,#REF!,Extrato!$B54,#REF!,Extrato!W$3) -> #REF! | X54: =SUMIFS(#REF!,#REF!,Extrato!$B54,#REF!,Extrato!X$3) -> #REF! | ... AI54: =SUMIFS(#REF!,#REF!,Extrato!$B54,#REF!,Extrato!AI$3) -> #REF! | AJ54: 0 | AK54: -0.01 | AL54: =SUM(C54:AK54) -> #REF!
B55: 46045 | C55: =AL54 -> #REF! | D55: =SUMIFS(#REF!,#REF!,Extrato!$B55,#REF!,Extrato!D$3) -> #REF! | E55: =SUMIFS(#REF!,#REF!,Extrato!$B55,#REF!,Extrato!E$3) -> #REF! | F55: =SUMIFS(#REF!,#REF!,Extrato!$B55,#REF!,Extrato!F$3) -> #REF! | G55: =SUMIFS(#REF!,#REF!,Extrato!$B55,#REF!,Extrato!G$3) -> #REF! | H55: =SUMIFS(#REF!,#REF!,Extrato!$B55,#REF!,Extrato!H$3) -> #REF! | I55: =SUMIFS(#REF!,#REF!,Extrato!$B55,#REF!,Extrato!I$3) -> #REF! | J55: =SUMIFS(#REF!,#REF!,Extrato!$B55,#REF!,Extrato!J$3) -> #REF! | K55: =SUMIFS(#REF!,#REF!,Extrato!$B55,#REF!,Extrato!K$3) -> #REF! | ... O55: =SUMIFS(#REF!,#REF!,Extrato!$B55,#REF!,Extrato!O$3) -> #REF! | P55: =SUMIF(BetFlow!B:B,B55,BetFlow!J:J) -> 0 | Q55: =SUMIFS(#REF!,#REF!,Extrato!$B55,#REF!,Extrato!Q$3) -> #REF! | R55: =SUMIFS(#REF!,#REF!,Extrato!$B55,#REF!,Extrato!R$3) -> #REF! | S55: =SUMIFS(#REF!,#REF!,Extrato!$B55,#REF!,Extrato!S$3) -> #REF! | T55: =SUMIFS(#REF!,#REF!,Extrato!$B55,#REF!,Extrato!T$3) -> #REF! | U55: =SUMIFS(#REF!,#REF!,Extrato!$B55,#REF!,Extrato!U$3) -> #REF! | V55: =SUMIFS(#REF!,#REF!,Extrato!$B55,#REF!,Extrato!V$3) -> #REF! | W55: =SUMIFS(#REF!,#REF!,Extrato!$B55,#REF!,Extrato!W$3) -> #REF! | X55: =SUMIFS(#REF!,#REF!,Extrato!$B55,#REF!,Extrato!X$3) -> #REF! | ... AI55: =SUMIFS(#REF!,#REF!,Extrato!$B55,#REF!,Extrato!AI$3) -> #REF! | AJ55: 0 | AL55: =SUM(C55:AK55) -> #REF!
B56: 46046 | C56: =AL55 -> #REF! | D56: =SUMIFS(#REF!,#REF!,Extrato!$B56,#REF!,Extrato!D$3) -> #REF! | E56: =SUMIFS(#REF!,#REF!,Extrato!$B56,#REF!,Extrato!E$3) -> #REF! | F56: =SUMIFS(#REF!,#REF!,Extrato!$B56,#REF!,Extrato!F$3) -> #REF! | G56: =SUMIFS(#REF!,#REF!,Extrato!$B56,#REF!,Extrato!G$3) -> #REF! | H56: =SUMIFS(#REF!,#REF!,Extrato!$B56,#REF!,Extrato!H$3) -> #REF! | I56: =SUMIFS(#REF!,#REF!,Extrato!$B56,#REF!,Extrato!I$3) -> #REF! | J56: =SUMIFS(#REF!,#REF!,Extrato!$B56,#REF!,Extrato!J$3) -> #REF! | K56: =SUMIFS(#REF!,#REF!,Extrato!$B56,#REF!,Extrato!K$3) -> #REF! | ... O56: =SUMIFS(#REF!,#REF!,Extrato!$B56,#REF!,Extrato!O$3) -> #REF! | P56: =SUMIF(BetFlow!B:B,B56,BetFlow!J:J) -> 0 | Q56: =SUMIFS(#REF!,#REF!,Extrato!$B56,#REF!,Extrato!Q$3) -> #REF! | R56: =SUMIFS(#REF!,#REF!,Extrato!$B56,#REF!,Extrato!R$3) -> #REF! | S56: =SUMIFS(#REF!,#REF!,Extrato!$B56,#REF!,Extrato!S$3) -> #REF! | T56: =SUMIFS(#REF!,#REF!,Extrato!$B56,#REF!,Extrato!T$3) -> #REF! | U56: =SUMIFS(#REF!,#REF!,Extrato!$B56,#REF!,Extrato!U$3) -> #REF! | V56: =SUMIFS(#REF!,#REF!,Extrato!$B56,#REF!,Extrato!V$3) -> #REF! | W56: =SUMIFS(#REF!,#REF!,Extrato!$B56,#REF!,Extrato!W$3) -> #REF! | X56: =SUMIFS(#REF!,#REF!,Extrato!$B56,#REF!,Extrato!X$3) -> #REF! | ... AI56: =SUMIFS(#REF!,#REF!,Extrato!$B56,#REF!,Extrato!AI$3) -> #REF! | AJ56: 700 | AK56: -0.03 | AL56: =SUM(C56:AK56) -> #REF!
B57: 46047 | C57: =AL56 -> #REF! | D57: =SUMIFS(#REF!,#REF!,Extrato!$B57,#REF!,Extrato!D$3) -> #REF! | E57: =SUMIFS(#REF!,#REF!,Extrato!$B57,#REF!,Extrato!E$3) -> #REF! | F57: =SUMIFS(#REF!,#REF!,Extrato!$B57,#REF!,Extrato!F$3) -> #REF! | G57: =SUMIFS(#REF!,#REF!,Extrato!$B57,#REF!,Extrato!G$3) -> #REF! | H57: =SUMIFS(#REF!,#REF!,Extrato!$B57,#REF!,Extrato!H$3) -> #REF! | I57: =SUMIFS(#REF!,#REF!,Extrato!$B57,#REF!,Extrato!I$3) -> #REF! | J57: =SUMIFS(#REF!,#REF!,Extrato!$B57,#REF!,Extrato!J$3) -> #REF! | K57: =SUMIFS(#REF!,#REF!,Extrato!$B57,#REF!,Extrato!K$3) -> #REF! | ... O57: =SUMIFS(#REF!,#REF!,Extrato!$B57,#REF!,Extrato!O$3) -> #REF! | P57: =SUMIF(BetFlow!B:B,B57,BetFlow!J:J) -> 0 | Q57: =SUMIFS(#REF!,#REF!,Extrato!$B57,#REF!,Extrato!Q$3) -> #REF! | R57: =SUMIFS(#REF!,#REF!,Extrato!$B57,#REF!,Extrato!R$3) -> #REF! | S57: =SUMIFS(#REF!,#REF!,Extrato!$B57,#REF!,Extrato!S$3) -> #REF! | T57: =SUMIFS(#REF!,#REF!,Extrato!$B57,#REF!,Extrato!T$3) -> #REF! | U57: =SUMIFS(#REF!,#REF!,Extrato!$B57,#REF!,Extrato!U$3) -> #REF! | V57: =SUMIFS(#REF!,#REF!,Extrato!$B57,#REF!,Extrato!V$3) -> #REF! | W57: =SUMIFS(#REF!,#REF!,Extrato!$B57,#REF!,Extrato!W$3) -> #REF! | X57: =SUMIFS(#REF!,#REF!,Extrato!$B57,#REF!,Extrato!X$3) -> #REF! | ... AI57: =SUMIFS(#REF!,#REF!,Extrato!$B57,#REF!,Extrato!AI$3) -> #REF! | AJ57: 0 | AK57: -0.01 | AL57: =SUM(C57:AK57) -> #REF!
B58: 46048 | C58: =AL57 -> #REF! | D58: =SUMIFS(#REF!,#REF!,Extrato!$B58,#REF!,Extrato!D$3) -> #REF! | E58: =SUMIFS(#REF!,#REF!,Extrato!$B58,#REF!,Extrato!E$3) -> #REF! | F58: =SUMIFS(#REF!,#REF!,Extrato!$B58,#REF!,Extrato!F$3) -> #REF! | G58: =SUMIFS(#REF!,#REF!,Extrato!$B58,#REF!,Extrato!G$3) -> #REF! | H58: =SUMIFS(#REF!,#REF!,Extrato!$B58,#REF!,Extrato!H$3) -> #REF! | I58: =SUMIFS(#REF!,#REF!,Extrato!$B58,#REF!,Extrato!I$3) -> #REF! | J58: =SUMIFS(#REF!,#REF!,Extrato!$B58,#REF!,Extrato!J$3) -> #REF! | K58: =SUMIFS(#REF!,#REF!,Extrato!$B58,#REF!,Extrato!K$3) -> #REF! | ... O58: =SUMIFS(#REF!,#REF!,Extrato!$B58,#REF!,Extrato!O$3) -> #REF! | P58: =SUMIF(BetFlow!B:B,B58,BetFlow!J:J) -> 0 | Q58: =SUMIFS(#REF!,#REF!,Extrato!$B58,#REF!,Extrato!Q$3) -> #REF! | R58: =SUMIFS(#REF!,#REF!,Extrato!$B58,#REF!,Extrato!R$3) -> #REF! | S58: =SUMIFS(#REF!,#REF!,Extrato!$B58,#REF!,Extrato!S$3) -> #REF! | T58: =SUMIFS(#REF!,#REF!,Extrato!$B58,#REF!,Extrato!T$3) -> #REF! | U58: =SUMIFS(#REF!,#REF!,Extrato!$B58,#REF!,Extrato!U$3) -> #REF! | V58: =SUMIFS(#REF!,#REF!,Extrato!$B58,#REF!,Extrato!V$3) -> #REF! | W58: =SUMIFS(#REF!,#REF!,Extrato!$B58,#REF!,Extrato!W$3) -> #REF! | X58: =SUMIFS(#REF!,#REF!,Extrato!$B58,#REF!,Extrato!X$3) -> #REF! | ... AI58: =SUMIFS(#REF!,#REF!,Extrato!$B58,#REF!,Extrato!AI$3) -> #REF! | AJ58: 0 | AL58: =SUM(C58:AK58) -> #REF!
B59: 46049 | C59: =AL58 -> #REF! | D59: =SUMIFS(#REF!,#REF!,Extrato!$B59,#REF!,Extrato!D$3) -> #REF! | E59: =SUMIFS(#REF!,#REF!,Extrato!$B59,#REF!,Extrato!E$3) -> #REF! | F59: =SUMIFS(#REF!,#REF!,Extrato!$B59,#REF!,Extrato!F$3) -> #REF! | G59: =SUMIFS(#REF!,#REF!,Extrato!$B59,#REF!,Extrato!G$3) -> #REF! | H59: =SUMIFS(#REF!,#REF!,Extrato!$B59,#REF!,Extrato!H$3) -> #REF! | I59: =SUMIFS(#REF!,#REF!,Extrato!$B59,#REF!,Extrato!I$3) -> #REF! | J59: =SUMIFS(#REF!,#REF!,Extrato!$B59,#REF!,Extrato!J$3) -> #REF! | K59: =SUMIFS(#REF!,#REF!,Extrato!$B59,#REF!,Extrato!K$3) -> #REF! | ... O59: =SUMIFS(#REF!,#REF!,Extrato!$B59,#REF!,Extrato!O$3) -> #REF! | P59: =SUMIF(BetFlow!B:B,B59,BetFlow!J:J) -> 0 | Q59: =SUMIFS(#REF!,#REF!,Extrato!$B59,#REF!,Extrato!Q$3) -> #REF! | R59: =SUMIFS(#REF!,#REF!,Extrato!$B59,#REF!,Extrato!R$3) -> #REF! | S59: =SUMIFS(#REF!,#REF!,Extrato!$B59,#REF!,Extrato!S$3) -> #REF! | T59: =SUMIFS(#REF!,#REF!,Extrato!$B59,#REF!,Extrato!T$3) -> #REF! | U59: =SUMIFS(#REF!,#REF!,Extrato!$B59,#REF!,Extrato!U$3) -> #REF! | V59: =SUMIFS(#REF!,#REF!,Extrato!$B59,#REF!,Extrato!V$3) -> #REF! | W59: =SUMIFS(#REF!,#REF!,Extrato!$B59,#REF!,Extrato!W$3) -> #REF! | X59: =SUMIFS(#REF!,#REF!,Extrato!$B59,#REF!,Extrato!X$3) -> #REF! | ... AI59: =SUMIFS(#REF!,#REF!,Extrato!$B59,#REF!,Extrato!AI$3) -> #REF! | AJ59: 0 | AL59: =SUM(C59:AK59) -> #REF!
B60: 46050 | C60: =AL59 -> #REF! | D60: =SUMIFS(#REF!,#REF!,Extrato!$B60,#REF!,Extrato!D$3) -> #REF! | E60: =SUMIFS(#REF!,#REF!,Extrato!$B60,#REF!,Extrato!E$3) -> #REF! | F60: =SUMIFS(#REF!,#REF!,Extrato!$B60,#REF!,Extrato!F$3) -> #REF! | G60: =SUMIFS(#REF!,#REF!,Extrato!$B60,#REF!,Extrato!G$3) -> #REF! | H60: =SUMIFS(#REF!,#REF!,Extrato!$B60,#REF!,Extrato!H$3) -> #REF! | I60: =SUMIFS(#REF!,#REF!,Extrato!$B60,#REF!,Extrato!I$3) -> #REF! | J60: =SUMIFS(#REF!,#REF!,Extrato!$B60,#REF!,Extrato!J$3) -> #REF! | K60: =SUMIFS(#REF!,#REF!,Extrato!$B60,#REF!,Extrato!K$3) -> #REF! | ... O60: =SUMIFS(#REF!,#REF!,Extrato!$B60,#REF!,Extrato!O$3) -> #REF! | P60: =SUMIF(BetFlow!B:B,B60,BetFlow!J:J) -> 0 | Q60: =SUMIFS(#REF!,#REF!,Extrato!$B60,#REF!,Extrato!Q$3) -> #REF! | R60: =SUMIFS(#REF!,#REF!,Extrato!$B60,#REF!,Extrato!R$3) -> #REF! | S60: =SUMIFS(#REF!,#REF!,Extrato!$B60,#REF!,Extrato!S$3) -> #REF! | T60: =SUMIFS(#REF!,#REF!,Extrato!$B60,#REF!,Extrato!T$3) -> #REF! | U60: =SUMIFS(#REF!,#REF!,Extrato!$B60,#REF!,Extrato!U$3) -> #REF! | V60: =SUMIFS(#REF!,#REF!,Extrato!$B60,#REF!,Extrato!V$3) -> #REF! | W60: =SUMIFS(#REF!,#REF!,Extrato!$B60,#REF!,Extrato!W$3) -> #REF! | X60: =SUMIFS(#REF!,#REF!,Extrato!$B60,#REF!,Extrato!X$3) -> #REF! | ... AI60: =SUMIFS(#REF!,#REF!,Extrato!$B60,#REF!,Extrato!AI$3) -> #REF! | AJ60: 0 | AL60: =SUM(C60:AK60) -> #REF!
B61: 46051 | C61: =AL60 -> #REF! | D61: =SUMIFS(#REF!,#REF!,Extrato!$B61,#REF!,Extrato!D$3) -> #REF! | E61: =SUMIFS(#REF!,#REF!,Extrato!$B61,#REF!,Extrato!E$3) -> #REF! | F61: =SUMIFS(#REF!,#REF!,Extrato!$B61,#REF!,Extrato!F$3) -> #REF! | G61: =SUMIFS(#REF!,#REF!,Extrato!$B61,#REF!,Extrato!G$3) -> #REF! | H61: =SUMIFS(#REF!,#REF!,Extrato!$B61,#REF!,Extrato!H$3) -> #REF! | I61: =SUMIFS(#REF!,#REF!,Extrato!$B61,#REF!,Extrato!I$3) -> #REF! | J61: =SUMIFS(#REF!,#REF!,Extrato!$B61,#REF!,Extrato!J$3) -> #REF! | K61: =SUMIFS(#REF!,#REF!,Extrato!$B61,#REF!,Extrato!K$3) -> #REF! | ... O61: =SUMIFS(#REF!,#REF!,Extrato!$B61,#REF!,Extrato!O$3) -> #REF! | P61: =SUMIF(BetFlow!B:B,B61,BetFlow!J:J) -> 0 | Q61: =SUMIFS(#REF!,#REF!,Extrato!$B61,#REF!,Extrato!Q$3) -> #REF! | R61: =SUMIFS(#REF!,#REF!,Extrato!$B61,#REF!,Extrato!R$3) -> #REF! | S61: =SUMIFS(#REF!,#REF!,Extrato!$B61,#REF!,Extrato!S$3) -> #REF! | T61: =SUMIFS(#REF!,#REF!,Extrato!$B61,#REF!,Extrato!T$3) -> #REF! | U61: =SUMIFS(#REF!,#REF!,Extrato!$B61,#REF!,Extrato!U$3) -> #REF! | V61: =SUMIFS(#REF!,#REF!,Extrato!$B61,#REF!,Extrato!V$3) -> #REF! | W61: =SUMIFS(#REF!,#REF!,Extrato!$B61,#REF!,Extrato!W$3) -> #REF! | X61: =SUMIFS(#REF!,#REF!,Extrato!$B61,#REF!,Extrato!X$3) -> #REF! | ... AI61: =SUMIFS(#REF!,#REF!,Extrato!$B61,#REF!,Extrato!AI$3) -> #REF! | AJ61: 0 | AK61: -0.02 | AL61: =SUM(C61:AK61) -> #REF!
B62: 46052 | C62: =AL61 -> #REF! | D62: =SUMIFS(#REF!,#REF!,Extrato!$B62,#REF!,Extrato!D$3) -> #REF! | E62: =SUMIFS(#REF!,#REF!,Extrato!$B62,#REF!,Extrato!E$3) -> #REF! | F62: =SUMIFS(#REF!,#REF!,Extrato!$B62,#REF!,Extrato!F$3) -> #REF! | G62: =SUMIFS(#REF!,#REF!,Extrato!$B62,#REF!,Extrato!G$3) -> #REF! | H62: =SUMIFS(#REF!,#REF!,Extrato!$B62,#REF!,Extrato!H$3) -> #REF! | I62: =SUMIFS(#REF!,#REF!,Extrato!$B62,#REF!,Extrato!I$3) -> #REF! | J62: =SUMIFS(#REF!,#REF!,Extrato!$B62,#REF!,Extrato!J$3) -> #REF! | K62: =SUMIFS(#REF!,#REF!,Extrato!$B62,#REF!,Extrato!K$3) -> #REF! | ... O62: =SUMIFS(#REF!,#REF!,Extrato!$B62,#REF!,Extrato!O$3) -> #REF! | P62: =SUMIF(BetFlow!B:B,B62,BetFlow!J:J) -> 0 | Q62: =SUMIFS(#REF!,#REF!,Extrato!$B62,#REF!,Extrato!Q$3) -> #REF! | R62: =SUMIFS(#REF!,#REF!,Extrato!$B62,#REF!,Extrato!R$3) -> #REF! | S62: =SUMIFS(#REF!,#REF!,Extrato!$B62,#REF!,Extrato!S$3) -> #REF! | T62: =SUMIFS(#REF!,#REF!,Extrato!$B62,#REF!,Extrato!T$3) -> #REF! | U62: =SUMIFS(#REF!,#REF!,Extrato!$B62,#REF!,Extrato!U$3) -> #REF! | V62: =SUMIFS(#REF!,#REF!,Extrato!$B62,#REF!,Extrato!V$3) -> #REF! | W62: =SUMIFS(#REF!,#REF!,Extrato!$B62,#REF!,Extrato!W$3) -> #REF! | X62: =SUMIFS(#REF!,#REF!,Extrato!$B62,#REF!,Extrato!X$3) -> #REF! | ... AI62: =SUMIFS(#REF!,#REF!,Extrato!$B62,#REF!,Extrato!AI$3) -> #REF! | AJ62: 0 | AK62: -0.01 | AL62: =SUM(C62:AK62) -> #REF!
B63: 46053 | C63: =AL62 -> #REF! | D63: =SUMIFS(#REF!,#REF!,Extrato!$B63,#REF!,Extrato!D$3) -> #REF! | E63: =SUMIFS(#REF!,#REF!,Extrato!$B63,#REF!,Extrato!E$3) -> #REF! | F63: =SUMIFS(#REF!,#REF!,Extrato!$B63,#REF!,Extrato!F$3) -> #REF! | G63: =SUMIFS(#REF!,#REF!,Extrato!$B63,#REF!,Extrato!G$3) -> #REF! | H63: =SUMIFS(#REF!,#REF!,Extrato!$B63,#REF!,Extrato!H$3) -> #REF! | I63: =SUMIFS(#REF!,#REF!,Extrato!$B63,#REF!,Extrato!I$3) -> #REF! | J63: =SUMIFS(#REF!,#REF!,Extrato!$B63,#REF!,Extrato!J$3) -> #REF! | K63: =SUMIFS(#REF!,#REF!,Extrato!$B63,#REF!,Extrato!K$3) -> #REF! | ... O63: =SUMIFS(#REF!,#REF!,Extrato!$B63,#REF!,Extrato!O$3) -> #REF! | P63: =SUMIF(BetFlow!B:B,B63,BetFlow!J:J) -> 0 | Q63: =SUMIFS(#REF!,#REF!,Extrato!$B63,#REF!,Extrato!Q$3) -> #REF! | R63: =SUMIFS(#REF!,#REF!,Extrato!$B63,#REF!,Extrato!R$3) -> #REF! | S63: =SUMIFS(#REF!,#REF!,Extrato!$B63,#REF!,Extrato!S$3) -> #REF! | T63: =SUMIFS(#REF!,#REF!,Extrato!$B63,#REF!,Extrato!T$3) -> #REF! | U63: =SUMIFS(#REF!,#REF!,Extrato!$B63,#REF!,Extrato!U$3) -> #REF! | V63: =SUMIFS(#REF!,#REF!,Extrato!$B63,#REF!,Extrato!V$3) -> #REF! | W63: =SUMIFS(#REF!,#REF!,Extrato!$B63,#REF!,Extrato!W$3) -> #REF! | X63: =SUMIFS(#REF!,#REF!,Extrato!$B63,#REF!,Extrato!X$3) -> #REF! | ... AI63: =SUMIFS(#REF!,#REF!,Extrato!$B63,#REF!,Extrato!AI$3) -> #REF! | AJ63: 0 | AK63: -0.01 | AL63: =SUM(C63:AK63) -> #REF!
B64: 46054 | C64: =AL63 -> #REF! | D64: =SUMIFS(#REF!,#REF!,Extrato!$B64,#REF!,Extrato!D$3) -> #REF! | E64: =SUMIFS(#REF!,#REF!,Extrato!$B64,#REF!,Extrato!E$3) -> #REF! | F64: =SUMIFS(#REF!,#REF!,Extrato!$B64,#REF!,Extrato!F$3) -> #REF! | G64: =SUMIFS(#REF!,#REF!,Extrato!$B64,#REF!,Extrato!G$3) -> #REF! | H64: =SUMIFS(#REF!,#REF!,Extrato!$B64,#REF!,Extrato!H$3) -> #REF! | I64: =SUMIFS(#REF!,#REF!,Extrato!$B64,#REF!,Extrato!I$3) -> #REF! | J64: =SUMIFS(#REF!,#REF!,Extrato!$B64,#REF!,Extrato!J$3) -> #REF! | K64: =SUMIFS(#REF!,#REF!,Extrato!$B64,#REF!,Extrato!K$3) -> #REF! | ... O64: =SUMIFS(#REF!,#REF!,Extrato!$B64,#REF!,Extrato!O$3) -> #REF! | P64: =SUMIF(BetFlow!B:B,B64,BetFlow!J:J) -> 0 | Q64: =SUMIFS(#REF!,#REF!,Extrato!$B64,#REF!,Extrato!Q$3) -> #REF! | R64: =SUMIFS(#REF!,#REF!,Extrato!$B64,#REF!,Extrato!R$3) -> #REF! | S64: =SUMIFS(#REF!,#REF!,Extrato!$B64,#REF!,Extrato!S$3) -> #REF! | T64: =SUMIFS(#REF!,#REF!,Extrato!$B64,#REF!,Extrato!T$3) -> #REF! | U64: =SUMIFS(#REF!,#REF!,Extrato!$B64,#REF!,Extrato!U$3) -> #REF! | V64: =SUMIFS(#REF!,#REF!,Extrato!$B64,#REF!,Extrato!V$3) -> #REF! | W64: =SUMIFS(#REF!,#REF!,Extrato!$B64,#REF!,Extrato!W$3) -> #REF! | X64: =SUMIFS(#REF!,#REF!,Extrato!$B64,#REF!,Extrato!X$3) -> #REF! | ... AI64: =SUMIFS(#REF!,#REF!,Extrato!$B64,#REF!,Extrato!AI$3) -> #REF! | AJ64: 0 | AK64: 0.01 | AL64: =SUM(C64:AK64) -> #REF!
B65: 46055 | C65: =AL64 -> #REF! | D65: =SUMIFS(#REF!,#REF!,Extrato!$B65,#REF!,Extrato!D$3) -> #REF! | E65: =SUMIFS(#REF!,#REF!,Extrato!$B65,#REF!,Extrato!E$3) -> #REF! | F65: =SUMIFS(#REF!,#REF!,Extrato!$B65,#REF!,Extrato!F$3) -> #REF! | G65: =SUMIFS(#REF!,#REF!,Extrato!$B65,#REF!,Extrato!G$3) -> #REF! | H65: =SUMIFS(#REF!,#REF!,Extrato!$B65,#REF!,Extrato!H$3) -> #REF! | I65: =SUMIFS(#REF!,#REF!,Extrato!$B65,#REF!,Extrato!I$3) -> #REF! | J65: =SUMIFS(#REF!,#REF!,Extrato!$B65,#REF!,Extrato!J$3) -> #REF! | K65: =SUMIFS(#REF!,#REF!,Extrato!$B65,#REF!,Extrato!K$3) -> #REF! | ... O65: =SUMIFS(#REF!,#REF!,Extrato!$B65,#REF!,Extrato!O$3) -> #REF! | P65: =SUMIF(BetFlow!B:B,B65,BetFlow!J:J) -> 0 | Q65: =SUMIFS(#REF!,#REF!,Extrato!$B65,#REF!,Extrato!Q$3) -> #REF! | R65: =SUMIFS(#REF!,#REF!,Extrato!$B65,#REF!,Extrato!R$3) -> #REF! | S65: =SUMIFS(#REF!,#REF!,Extrato!$B65,#REF!,Extrato!S$3) -> #REF! | T65: =SUMIFS(#REF!,#REF!,Extrato!$B65,#REF!,Extrato!T$3) -> #REF! | U65: =SUMIFS(#REF!,#REF!,Extrato!$B65,#REF!,Extrato!U$3) -> #REF! | V65: =SUMIFS(#REF!,#REF!,Extrato!$B65,#REF!,Extrato!V$3) -> #REF! | W65: =SUMIFS(#REF!,#REF!,Extrato!$B65,#REF!,Extrato!W$3) -> #REF! | X65: =SUMIFS(#REF!,#REF!,Extrato!$B65,#REF!,Extrato!X$3) -> #REF! | ... AI65: =SUMIFS(#REF!,#REF!,Extrato!$B65,#REF!,Extrato!AI$3) -> #REF! | AJ65: 0 | AK65: 0.01 | AL65: =SUM(C65:AK65) -> #REF!
B66: 46056 | C66: =AL65 -> #REF! | D66: =SUMIFS(#REF!,#REF!,Extrato!$B66,#REF!,Extrato!D$3) -> #REF! | E66: =SUMIFS(#REF!,#REF!,Extrato!$B66,#REF!,Extrato!E$3) -> #REF! | F66: =SUMIFS(#REF!,#REF!,Extrato!$B66,#REF!,Extrato!F$3) -> #REF! | G66: =SUMIFS(#REF!,#REF!,Extrato!$B66,#REF!,Extrato!G$3) -> #REF! | H66: =SUMIFS(#REF!,#REF!,Extrato!$B66,#REF!,Extrato!H$3) -> #REF! | I66: =SUMIFS(#REF!,#REF!,Extrato!$B66,#REF!,Extrato!I$3) -> #REF! | J66: =SUMIFS(#REF!,#REF!,Extrato!$B66,#REF!,Extrato!J$3) -> #REF! | K66: =SUMIFS(#REF!,#REF!,Extrato!$B66,#REF!,Extrato!K$3) -> #REF! | ... O66: =SUMIFS(#REF!,#REF!,Extrato!$B66,#REF!,Extrato!O$3) -> #REF! | P66: =SUMIF(BetFlow!B:B,B66,BetFlow!J:J) -> 0 | Q66: =SUMIFS(#REF!,#REF!,Extrato!$B66,#REF!,Extrato!Q$3) -> #REF! | R66: =SUMIFS(#REF!,#REF!,Extrato!$B66,#REF!,Extrato!R$3) -> #REF! | S66: =SUMIFS(#REF!,#REF!,Extrato!$B66,#REF!,Extrato!S$3) -> #REF! | T66: =SUMIFS(#REF!,#REF!,Extrato!$B66,#REF!,Extrato!T$3) -> #REF! | U66: =SUMIFS(#REF!,#REF!,Extrato!$B66,#REF!,Extrato!U$3) -> #REF! | V66: =SUMIFS(#REF!,#REF!,Extrato!$B66,#REF!,Extrato!V$3) -> #REF! | W66: =SUMIFS(#REF!,#REF!,Extrato!$B66,#REF!,Extrato!W$3) -> #REF! | X66: =SUMIFS(#REF!,#REF!,Extrato!$B66,#REF!,Extrato!X$3) -> #REF! | ... AI66: =SUMIFS(#REF!,#REF!,Extrato!$B66,#REF!,Extrato!AI$3) -> #REF! | AJ66: 0 | AL66: =SUM(C66:AK66) -> #REF!
B67: 46057 | C67: =AL66 -> #REF! | D67: =SUMIFS(#REF!,#REF!,Extrato!$B67,#REF!,Extrato!D$3) -> #REF! | E67: =SUMIFS(#REF!,#REF!,Extrato!$B67,#REF!,Extrato!E$3) -> #REF! | F67: =SUMIFS(#REF!,#REF!,Extrato!$B67,#REF!,Extrato!F$3) -> #REF! | G67: =SUMIFS(#REF!,#REF!,Extrato!$B67,#REF!,Extrato!G$3) -> #REF! | H67: =SUMIFS(#REF!,#REF!,Extrato!$B67,#REF!,Extrato!H$3) -> #REF! | I67: =SUMIFS(#REF!,#REF!,Extrato!$B67,#REF!,Extrato!I$3) -> #REF! | J67: =SUMIFS(#REF!,#REF!,Extrato!$B67,#REF!,Extrato!J$3) -> #REF! | K67: =SUMIFS(#REF!,#REF!,Extrato!$B67,#REF!,Extrato!K$3) -> #REF! | ... O67: =SUMIFS(#REF!,#REF!,Extrato!$B67,#REF!,Extrato!O$3) -> #REF! | P67: =SUMIF(BetFlow!B:B,B67,BetFlow!J:J) -> 0 | Q67: =SUMIFS(#REF!,#REF!,Extrato!$B67,#REF!,Extrato!Q$3) -> #REF! | R67: =SUMIFS(#REF!,#REF!,Extrato!$B67,#REF!,Extrato!R$3) -> #REF! | S67: =SUMIFS(#REF!,#REF!,Extrato!$B67,#REF!,Extrato!S$3) -> #REF! | T67: =SUMIFS(#REF!,#REF!,Extrato!$B67,#REF!,Extrato!T$3) -> #REF! | U67: =SUMIFS(#REF!,#REF!,Extrato!$B67,#REF!,Extrato!U$3) -> #REF! | V67: =SUMIFS(#REF!,#REF!,Extrato!$B67,#REF!,Extrato!V$3) -> #REF! | W67: =SUMIFS(#REF!,#REF!,Extrato!$B67,#REF!,Extrato!W$3) -> #REF! | X67: =SUMIFS(#REF!,#REF!,Extrato!$B67,#REF!,Extrato!X$3) -> #REF! | ... AI67: =SUMIFS(#REF!,#REF!,Extrato!$B67,#REF!,Extrato!AI$3) -> #REF! | AJ67: 0 | AL67: =SUM(C67:AK67) -> #REF!
B68: 46058 | C68: =AL67 -> #REF! | D68: =SUMIFS(#REF!,#REF!,Extrato!$B68,#REF!,Extrato!D$3) -> #REF! | E68: =SUMIFS(#REF!,#REF!,Extrato!$B68,#REF!,Extrato!E$3) -> #REF! | F68: =SUMIFS(#REF!,#REF!,Extrato!$B68,#REF!,Extrato!F$3) -> #REF! | G68: =SUMIFS(#REF!,#REF!,Extrato!$B68,#REF!,Extrato!G$3) -> #REF! | H68: =SUMIFS(#REF!,#REF!,Extrato!$B68,#REF!,Extrato!H$3) -> #REF! | I68: =SUMIFS(#REF!,#REF!,Extrato!$B68,#REF!,Extrato!I$3) -> #REF! | J68: =SUMIFS(#REF!,#REF!,Extrato!$B68,#REF!,Extrato!J$3) -> #REF! | K68: =SUMIFS(#REF!,#REF!,Extrato!$B68,#REF!,Extrato!K$3) -> #REF! | ... O68: =SUMIFS(#REF!,#REF!,Extrato!$B68,#REF!,Extrato!O$3) -> #REF! | P68: =SUMIF(BetFlow!B:B,B68,BetFlow!J:J) -> 0 | Q68: =SUMIFS(#REF!,#REF!,Extrato!$B68,#REF!,Extrato!Q$3) -> #REF! | R68: =SUMIFS(#REF!,#REF!,Extrato!$B68,#REF!,Extrato!R$3) -> #REF! | S68: =SUMIFS(#REF!,#REF!,Extrato!$B68,#REF!,Extrato!S$3) -> #REF! | T68: =SUMIFS(#REF!,#REF!,Extrato!$B68,#REF!,Extrato!T$3) -> #REF! | U68: =SUMIFS(#REF!,#REF!,Extrato!$B68,#REF!,Extrato!U$3) -> #REF! | V68: =SUMIFS(#REF!,#REF!,Extrato!$B68,#REF!,Extrato!V$3) -> #REF! | W68: =SUMIFS(#REF!,#REF!,Extrato!$B68,#REF!,Extrato!W$3) -> #REF! | X68: =SUMIFS(#REF!,#REF!,Extrato!$B68,#REF!,Extrato!X$3) -> #REF! | ... AI68: =SUMIFS(#REF!,#REF!,Extrato!$B68,#REF!,Extrato!AI$3) -> #REF! | AJ68: 0 | AL68: =SUM(C68:AK68) -> #REF!
B69: 46059 | C69: =AL68 -> #REF! | D69: =SUMIFS(#REF!,#REF!,Extrato!$B69,#REF!,Extrato!D$3) -> #REF! | E69: =SUMIFS(#REF!,#REF!,Extrato!$B69,#REF!,Extrato!E$3) -> #REF! | F69: =SUMIFS(#REF!,#REF!,Extrato!$B69,#REF!,Extrato!F$3) -> #REF! | G69: =SUMIFS(#REF!,#REF!,Extrato!$B69,#REF!,Extrato!G$3) -> #REF! | H69: =SUMIFS(#REF!,#REF!,Extrato!$B69,#REF!,Extrato!H$3) -> #REF! | I69: =SUMIFS(#REF!,#REF!,Extrato!$B69,#REF!,Extrato!I$3) -> #REF! | J69: =SUMIFS(#REF!,#REF!,Extrato!$B69,#REF!,Extrato!J$3) -> #REF! | K69: =SUMIFS(#REF!,#REF!,Extrato!$B69,#REF!,Extrato!K$3) -> #REF! | ... O69: =SUMIFS(#REF!,#REF!,Extrato!$B69,#REF!,Extrato!O$3) -> #REF! | P69: =SUMIF(BetFlow!B:B,B69,BetFlow!J:J) -> 0 | Q69: =SUMIFS(#REF!,#REF!,Extrato!$B69,#REF!,Extrato!Q$3) -> #REF! | R69: =SUMIFS(#REF!,#REF!,Extrato!$B69,#REF!,Extrato!R$3) -> #REF! | S69: =SUMIFS(#REF!,#REF!,Extrato!$B69,#REF!,Extrato!S$3) -> #REF! | T69: =SUMIFS(#REF!,#REF!,Extrato!$B69,#REF!,Extrato!T$3) -> #REF! | U69: =SUMIFS(#REF!,#REF!,Extrato!$B69,#REF!,Extrato!U$3) -> #REF! | V69: =SUMIFS(#REF!,#REF!,Extrato!$B69,#REF!,Extrato!V$3) -> #REF! | W69: =SUMIFS(#REF!,#REF!,Extrato!$B69,#REF!,Extrato!W$3) -> #REF! | X69: =SUMIFS(#REF!,#REF!,Extrato!$B69,#REF!,Extrato!X$3) -> #REF! | ... AI69: =SUMIFS(#REF!,#REF!,Extrato!$B69,#REF!,Extrato!AI$3) -> #REF! | AJ69: 0 | AL69: =SUM(C69:AK69) -> #REF!
B70: 46060 | C70: =AL69 -> #REF! | D70: =SUMIFS(#REF!,#REF!,Extrato!$B70,#REF!,Extrato!D$3) -> #REF! | E70: =SUMIFS(#REF!,#REF!,Extrato!$B70,#REF!,Extrato!E$3) -> #REF! | F70: =SUMIFS(#REF!,#REF!,Extrato!$B70,#REF!,Extrato!F$3) -> #REF! | G70: =SUMIFS(#REF!,#REF!,Extrato!$B70,#REF!,Extrato!G$3) -> #REF! | H70: =SUMIFS(#REF!,#REF!,Extrato!$B70,#REF!,Extrato!H$3) -> #REF! | I70: =SUMIFS(#REF!,#REF!,Extrato!$B70,#REF!,Extrato!I$3) -> #REF! | J70: =SUMIFS(#REF!,#REF!,Extrato!$B70,#REF!,Extrato!J$3) -> #REF! | K70: =SUMIFS(#REF!,#REF!,Extrato!$B70,#REF!,Extrato!K$3) -> #REF! | ... O70: =SUMIFS(#REF!,#REF!,Extrato!$B70,#REF!,Extrato!O$3) -> #REF! | P70: =SUMIF(BetFlow!B:B,B70,BetFlow!J:J) -> 0 | Q70: =SUMIFS(#REF!,#REF!,Extrato!$B70,#REF!,Extrato!Q$3) -> #REF! | R70: =SUMIFS(#REF!,#REF!,Extrato!$B70,#REF!,Extrato!R$3) -> #REF! | S70: =SUMIFS(#REF!,#REF!,Extrato!$B70,#REF!,Extrato!S$3) -> #REF! | T70: =SUMIFS(#REF!,#REF!,Extrato!$B70,#REF!,Extrato!T$3) -> #REF! | U70: =SUMIFS(#REF!,#REF!,Extrato!$B70,#REF!,Extrato!U$3) -> #REF! | V70: =SUMIFS(#REF!,#REF!,Extrato!$B70,#REF!,Extrato!V$3) -> #REF! | W70: =SUMIFS(#REF!,#REF!,Extrato!$B70,#REF!,Extrato!W$3) -> #REF! | X70: =SUMIFS(#REF!,#REF!,Extrato!$B70,#REF!,Extrato!X$3) -> #REF! | ... AI70: =SUMIFS(#REF!,#REF!,Extrato!$B70,#REF!,Extrato!AI$3) -> #REF! | AJ70: 350 | AK70: 0.01 | AL70: =SUM(C70:AK70) -> #REF!
B71: 46061 | C71: =AL70 -> #REF! | D71: =SUMIFS(#REF!,#REF!,Extrato!$B71,#REF!,Extrato!D$3) -> #REF! | E71: =SUMIFS(#REF!,#REF!,Extrato!$B71,#REF!,Extrato!E$3) -> #REF! | F71: =SUMIFS(#REF!,#REF!,Extrato!$B71,#REF!,Extrato!F$3) -> #REF! | G71: =SUMIFS(#REF!,#REF!,Extrato!$B71,#REF!,Extrato!G$3) -> #REF! | H71: =SUMIFS(#REF!,#REF!,Extrato!$B71,#REF!,Extrato!H$3) -> #REF! | I71: =SUMIFS(#REF!,#REF!,Extrato!$B71,#REF!,Extrato!I$3) -> #REF! | J71: =SUMIFS(#REF!,#REF!,Extrato!$B71,#REF!,Extrato!J$3) -> #REF! | K71: =SUMIFS(#REF!,#REF!,Extrato!$B71,#REF!,Extrato!K$3) -> #REF! | ... O71: =SUMIFS(#REF!,#REF!,Extrato!$B71,#REF!,Extrato!O$3) -> #REF! | P71: =SUMIF(BetFlow!B:B,B71,BetFlow!J:J) -> 0 | Q71: =SUMIFS(#REF!,#REF!,Extrato!$B71,#REF!,Extrato!Q$3) -> #REF! | R71: =SUMIFS(#REF!,#REF!,Extrato!$B71,#REF!,Extrato!R$3) -> #REF! | S71: =SUMIFS(#REF!,#REF!,Extrato!$B71,#REF!,Extrato!S$3) -> #REF! | T71: =SUMIFS(#REF!,#REF!,Extrato!$B71,#REF!,Extrato!T$3) -> #REF! | U71: =SUMIFS(#REF!,#REF!,Extrato!$B71,#REF!,Extrato!U$3) -> #REF! | V71: =SUMIFS(#REF!,#REF!,Extrato!$B71,#REF!,Extrato!V$3) -> #REF! | W71: =SUMIFS(#REF!,#REF!,Extrato!$B71,#REF!,Extrato!W$3) -> #REF! | X71: =SUMIFS(#REF!,#REF!,Extrato!$B71,#REF!,Extrato!X$3) -> #REF! | ... AI71: =SUMIFS(#REF!,#REF!,Extrato!$B71,#REF!,Extrato!AI$3) -> #REF! | AJ71: 0 | AK71: -0.01 | AL71: =SUM(C71:AK71) -> #REF!
B72: 46062 | C72: =AL71 -> #REF! | D72: =SUMIFS(#REF!,#REF!,Extrato!$B72,#REF!,Extrato!D$3) -> #REF! | E72: =SUMIFS(#REF!,#REF!,Extrato!$B72,#REF!,Extrato!E$3) -> #REF! | F72: =SUMIFS(#REF!,#REF!,Extrato!$B72,#REF!,Extrato!F$3) -> #REF! | G72: =SUMIFS(#REF!,#REF!,Extrato!$B72,#REF!,Extrato!G$3) -> #REF! | H72: =SUMIFS(#REF!,#REF!,Extrato!$B72,#REF!,Extrato!H$3) -> #REF! | I72: =SUMIFS(#REF!,#REF!,Extrato!$B72,#REF!,Extrato!I$3) -> #REF! | J72: =SUMIFS(#REF!,#REF!,Extrato!$B72,#REF!,Extrato!J$3) -> #REF! | K72: =SUMIFS(#REF!,#REF!,Extrato!$B72,#REF!,Extrato!K$3) -> #REF! | ... O72: =SUMIFS(#REF!,#REF!,Extrato!$B72,#REF!,Extrato!O$3) -> #REF! | P72: =SUMIF(BetFlow!B:B,B72,BetFlow!J:J) -> 0 | Q72: =SUMIFS(#REF!,#REF!,Extrato!$B72,#REF!,Extrato!Q$3) -> #REF! | R72: =SUMIFS(#REF!,#REF!,Extrato!$B72,#REF!,Extrato!R$3) -> #REF! | S72: =SUMIFS(#REF!,#REF!,Extrato!$B72,#REF!,Extrato!S$3) -> #REF! | T72: =SUMIFS(#REF!,#REF!,Extrato!$B72,#REF!,Extrato!T$3) -> #REF! | U72: =SUMIFS(#REF!,#REF!,Extrato!$B72,#REF!,Extrato!U$3) -> #REF! | V72: =SUMIFS(#REF!,#REF!,Extrato!$B72,#REF!,Extrato!V$3) -> #REF! | W72: =SUMIFS(#REF!,#REF!,Extrato!$B72,#REF!,Extrato!W$3) -> #REF! | X72: =SUMIFS(#REF!,#REF!,Extrato!$B72,#REF!,Extrato!X$3) -> #REF! | ... AI72: =SUMIFS(#REF!,#REF!,Extrato!$B72,#REF!,Extrato!AI$3) -> #REF! | AJ72: 0 | AK72: 0.01 | AL72: =SUM(C72:AK72) -> #REF!
B73: 46063 | C73: =AL72 -> #REF! | D73: =SUMIFS(#REF!,#REF!,Extrato!$B73,#REF!,Extrato!D$3) -> #REF! | E73: =SUMIFS(#REF!,#REF!,Extrato!$B73,#REF!,Extrato!E$3) -> #REF! | F73: =SUMIFS(#REF!,#REF!,Extrato!$B73,#REF!,Extrato!F$3) -> #REF! | G73: =SUMIFS(#REF!,#REF!,Extrato!$B73,#REF!,Extrato!G$3) -> #REF! | H73: =SUMIFS(#REF!,#REF!,Extrato!$B73,#REF!,Extrato!H$3) -> #REF! | I73: =SUMIFS(#REF!,#REF!,Extrato!$B73,#REF!,Extrato!I$3) -> #REF! | J73: =SUMIFS(#REF!,#REF!,Extrato!$B73,#REF!,Extrato!J$3) -> #REF! | K73: =SUMIFS(#REF!,#REF!,Extrato!$B73,#REF!,Extrato!K$3) -> #REF! | ... O73: =SUMIFS(#REF!,#REF!,Extrato!$B73,#REF!,Extrato!O$3) -> #REF! | P73: =SUMIF(BetFlow!B:B,B73,BetFlow!J:J) -> 0 | Q73: =SUMIFS(#REF!,#REF!,Extrato!$B73,#REF!,Extrato!Q$3) -> #REF! | R73: =SUMIFS(#REF!,#REF!,Extrato!$B73,#REF!,Extrato!R$3) -> #REF! | S73: =SUMIFS(#REF!,#REF!,Extrato!$B73,#REF!,Extrato!S$3) -> #REF! | T73: =SUMIFS(#REF!,#REF!,Extrato!$B73,#REF!,Extrato!T$3) -> #REF! | U73: =SUMIFS(#REF!,#REF!,Extrato!$B73,#REF!,Extrato!U$3) -> #REF! | V73: =SUMIFS(#REF!,#REF!,Extrato!$B73,#REF!,Extrato!V$3) -> #REF! | W73: =SUMIFS(#REF!,#REF!,Extrato!$B73,#REF!,Extrato!W$3) -> #REF! | X73: =SUMIFS(#REF!,#REF!,Extrato!$B73,#REF!,Extrato!X$3) -> #REF! | ... AI73: =SUMIFS(#REF!,#REF!,Extrato!$B73,#REF!,Extrato!AI$3) -> #REF! | AJ73: 0 | AK73: 0.01 | AL73: =SUM(C73:AK73) -> #REF!
B74: 46064 | C74: =AL73 -> #REF! | D74: =SUMIFS(#REF!,#REF!,Extrato!$B74,#REF!,Extrato!D$3) -> #REF! | E74: =SUMIFS(#REF!,#REF!,Extrato!$B74,#REF!,Extrato!E$3) -> #REF! | F74: =SUMIFS(#REF!,#REF!,Extrato!$B74,#REF!,Extrato!F$3) -> #REF! | G74: =SUMIFS(#REF!,#REF!,Extrato!$B74,#REF!,Extrato!G$3) -> #REF! | H74: =SUMIFS(#REF!,#REF!,Extrato!$B74,#REF!,Extrato!H$3) -> #REF! | I74: =SUMIFS(#REF!,#REF!,Extrato!$B74,#REF!,Extrato!I$3) -> #REF! | J74: =SUMIFS(#REF!,#REF!,Extrato!$B74,#REF!,Extrato!J$3) -> #REF! | K74: =SUMIFS(#REF!,#REF!,Extrato!$B74,#REF!,Extrato!K$3) -> #REF! | ... O74: =SUMIFS(#REF!,#REF!,Extrato!$B74,#REF!,Extrato!O$3) -> #REF! | P74: =SUMIF(BetFlow!B:B,B74,BetFlow!J:J) -> 0 | Q74: =SUMIFS(#REF!,#REF!,Extrato!$B74,#REF!,Extrato!Q$3) -> #REF! | R74: =SUMIFS(#REF!,#REF!,Extrato!$B74,#REF!,Extrato!R$3) -> #REF! | S74: =SUMIFS(#REF!,#REF!,Extrato!$B74,#REF!,Extrato!S$3) -> #REF! | T74: =SUMIFS(#REF!,#REF!,Extrato!$B74,#REF!,Extrato!T$3) -> #REF! | U74: =SUMIFS(#REF!,#REF!,Extrato!$B74,#REF!,Extrato!U$3) -> #REF! | V74: =SUMIFS(#REF!,#REF!,Extrato!$B74,#REF!,Extrato!V$3) -> #REF! | W74: =SUMIFS(#REF!,#REF!,Extrato!$B74,#REF!,Extrato!W$3) -> #REF! | X74: =SUMIFS(#REF!,#REF!,Extrato!$B74,#REF!,Extrato!X$3) -> #REF! | ... AI74: =SUMIFS(#REF!,#REF!,Extrato!$B74,#REF!,Extrato!AI$3) -> #REF! | AJ74: 0 | AK74: -0.02 | AL74: =SUM(C74:AK74) -> #REF!
B75: 46065 | C75: =AL74 -> #REF! | D75: =SUMIFS(#REF!,#REF!,Extrato!$B75,#REF!,Extrato!D$3) -> #REF! | E75: =SUMIFS(#REF!,#REF!,Extrato!$B75,#REF!,Extrato!E$3) -> #REF! | F75: =SUMIFS(#REF!,#REF!,Extrato!$B75,#REF!,Extrato!F$3) -> #REF! | G75: =SUMIFS(#REF!,#REF!,Extrato!$B75,#REF!,Extrato!G$3) -> #REF! | H75: =SUMIFS(#REF!,#REF!,Extrato!$B75,#REF!,Extrato!H$3) -> #REF! | I75: =SUMIFS(#REF!,#REF!,Extrato!$B75,#REF!,Extrato!I$3) -> #REF! | J75: =SUMIFS(#REF!,#REF!,Extrato!$B75,#REF!,Extrato!J$3) -> #REF! | K75: =SUMIFS(#REF!,#REF!,Extrato!$B75,#REF!,Extrato!K$3) -> #REF! | ... O75: =SUMIFS(#REF!,#REF!,Extrato!$B75,#REF!,Extrato!O$3) -> #REF! | P75: =SUMIF(BetFlow!B:B,B75,BetFlow!J:J) -> 0 | Q75: =SUMIFS(#REF!,#REF!,Extrato!$B75,#REF!,Extrato!Q$3) -> #REF! | R75: =SUMIFS(#REF!,#REF!,Extrato!$B75,#REF!,Extrato!R$3) -> #REF! | S75: =SUMIFS(#REF!,#REF!,Extrato!$B75,#REF!,Extrato!S$3) -> #REF! | T75: =SUMIFS(#REF!,#REF!,Extrato!$B75,#REF!,Extrato!T$3) -> #REF! | U75: =SUMIFS(#REF!,#REF!,Extrato!$B75,#REF!,Extrato!U$3) -> #REF! | V75: =SUMIFS(#REF!,#REF!,Extrato!$B75,#REF!,Extrato!V$3) -> #REF! | W75: =SUMIFS(#REF!,#REF!,Extrato!$B75,#REF!,Extrato!W$3) -> #REF! | X75: =SUMIFS(#REF!,#REF!,Extrato!$B75,#REF!,Extrato!X$3) -> #REF! | ... AI75: =SUMIFS(#REF!,#REF!,Extrato!$B75,#REF!,Extrato!AI$3) -> #REF! | AJ75: 0 | AK75: -0.01 | AL75: =SUM(C75:AK75) -> #REF!
B76: 46066 | C76: =AL75 -> #REF! | D76: =SUMIFS(#REF!,#REF!,Extrato!$B76,#REF!,Extrato!D$3) -> #REF! | E76: =SUMIFS(#REF!,#REF!,Extrato!$B76,#REF!,Extrato!E$3) -> #REF! | F76: =SUMIFS(#REF!,#REF!,Extrato!$B76,#REF!,Extrato!F$3) -> #REF! | G76: =SUMIFS(#REF!,#REF!,Extrato!$B76,#REF!,Extrato!G$3) -> #REF! | H76: =SUMIFS(#REF!,#REF!,Extrato!$B76,#REF!,Extrato!H$3) -> #REF! | I76: =SUMIFS(#REF!,#REF!,Extrato!$B76,#REF!,Extrato!I$3) -> #REF! | J76: =SUMIFS(#REF!,#REF!,Extrato!$B76,#REF!,Extrato!J$3) -> #REF! | K76: =SUMIFS(#REF!,#REF!,Extrato!$B76,#REF!,Extrato!K$3) -> #REF! | ... O76: =SUMIFS(#REF!,#REF!,Extrato!$B76,#REF!,Extrato!O$3) -> #REF! | P76: =SUMIF(BetFlow!B:B,B76,BetFlow!J:J) -> 0 | Q76: =SUMIFS(#REF!,#REF!,Extrato!$B76,#REF!,Extrato!Q$3) -> #REF! | R76: =SUMIFS(#REF!,#REF!,Extrato!$B76,#REF!,Extrato!R$3) -> #REF! | S76: =SUMIFS(#REF!,#REF!,Extrato!$B76,#REF!,Extrato!S$3) -> #REF! | T76: =SUMIFS(#REF!,#REF!,Extrato!$B76,#REF!,Extrato!T$3) -> #REF! | U76: =SUMIFS(#REF!,#REF!,Extrato!$B76,#REF!,Extrato!U$3) -> #REF! | V76: =SUMIFS(#REF!,#REF!,Extrato!$B76,#REF!,Extrato!V$3) -> #REF! | W76: =SUMIFS(#REF!,#REF!,Extrato!$B76,#REF!,Extrato!W$3) -> #REF! | X76: =SUMIFS(#REF!,#REF!,Extrato!$B76,#REF!,Extrato!X$3) -> #REF! | ... AI76: =SUMIFS(#REF!,#REF!,Extrato!$B76,#REF!,Extrato!AI$3) -> #REF! | AJ76: 0 | AK76: 0.01 | AL76: =SUM(C76:AK76) -> #REF!
B77: 46067 | C77: =AL76 -> #REF! | D77: =SUMIFS(#REF!,#REF!,Extrato!$B77,#REF!,Extrato!D$3) -> #REF! | E77: =SUMIFS(#REF!,#REF!,Extrato!$B77,#REF!,Extrato!E$3) -> #REF! | F77: =SUMIFS(#REF!,#REF!,Extrato!$B77,#REF!,Extrato!F$3) -> #REF! | G77: =SUMIFS(#REF!,#REF!,Extrato!$B77,#REF!,Extrato!G$3) -> #REF! | H77: =SUMIFS(#REF!,#REF!,Extrato!$B77,#REF!,Extrato!H$3) -> #REF! | I77: =SUMIFS(#REF!,#REF!,Extrato!$B77,#REF!,Extrato!I$3) -> #REF! | J77: =SUMIFS(#REF!,#REF!,Extrato!$B77,#REF!,Extrato!J$3) -> #REF! | K77: =SUMIFS(#REF!,#REF!,Extrato!$B77,#REF!,Extrato!K$3) -> #REF! | ... O77: =SUMIFS(#REF!,#REF!,Extrato!$B77,#REF!,Extrato!O$3) -> #REF! | P77: =SUMIF(BetFlow!B:B,B77,BetFlow!J:J) -> 0 | Q77: =SUMIFS(#REF!,#REF!,Extrato!$B77,#REF!,Extrato!Q$3) -> #REF! | R77: =SUMIFS(#REF!,#REF!,Extrato!$B77,#REF!,Extrato!R$3) -> #REF! | S77: =SUMIFS(#REF!,#REF!,Extrato!$B77,#REF!,Extrato!S$3) -> #REF! | T77: =SUMIFS(#REF!,#REF!,Extrato!$B77,#REF!,Extrato!T$3) -> #REF! | U77: =SUMIFS(#REF!,#REF!,Extrato!$B77,#REF!,Extrato!U$3) -> #REF! | V77: =SUMIFS(#REF!,#REF!,Extrato!$B77,#REF!,Extrato!V$3) -> #REF! | W77: =SUMIFS(#REF!,#REF!,Extrato!$B77,#REF!,Extrato!W$3) -> #REF! | X77: =SUMIFS(#REF!,#REF!,Extrato!$B77,#REF!,Extrato!X$3) -> #REF! | ... AI77: =SUMIFS(#REF!,#REF!,Extrato!$B77,#REF!,Extrato!AI$3) -> #REF! | AJ77: 0 | AK77: -0.01 | AL77: =SUM(C77:AK77) -> #REF!
B78: 46068 | C78: =AL77 -> #REF! | D78: =SUMIFS(#REF!,#REF!,Extrato!$B78,#REF!,Extrato!D$3) -> #REF! | E78: =SUMIFS(#REF!,#REF!,Extrato!$B78,#REF!,Extrato!E$3) -> #REF! | F78: =SUMIFS(#REF!,#REF!,Extrato!$B78,#REF!,Extrato!F$3) -> #REF! | G78: =SUMIFS(#REF!,#REF!,Extrato!$B78,#REF!,Extrato!G$3) -> #REF! | H78: =SUMIFS(#REF!,#REF!,Extrato!$B78,#REF!,Extrato!H$3) -> #REF! | I78: =SUMIFS(#REF!,#REF!,Extrato!$B78,#REF!,Extrato!I$3) -> #REF! | J78: =SUMIFS(#REF!,#REF!,Extrato!$B78,#REF!,Extrato!J$3) -> #REF! | K78: =SUMIFS(#REF!,#REF!,Extrato!$B78,#REF!,Extrato!K$3) -> #REF! | ... O78: =SUMIFS(#REF!,#REF!,Extrato!$B78,#REF!,Extrato!O$3) -> #REF! | P78: =SUMIF(BetFlow!B:B,B78,BetFlow!J:J) -> 0 | Q78: =SUMIFS(#REF!,#REF!,Extrato!$B78,#REF!,Extrato!Q$3) -> #REF! | R78: =SUMIFS(#REF!,#REF!,Extrato!$B78,#REF!,Extrato!R$3) -> #REF! | S78: =SUMIFS(#REF!,#REF!,Extrato!$B78,#REF!,Extrato!S$3) -> #REF! | T78: =SUMIFS(#REF!,#REF!,Extrato!$B78,#REF!,Extrato!T$3) -> #REF! | U78: =SUMIFS(#REF!,#REF!,Extrato!$B78,#REF!,Extrato!U$3) -> #REF! | V78: =SUMIFS(#REF!,#REF!,Extrato!$B78,#REF!,Extrato!V$3) -> #REF! | W78: =SUMIFS(#REF!,#REF!,Extrato!$B78,#REF!,Extrato!W$3) -> #REF! | X78: =SUMIFS(#REF!,#REF!,Extrato!$B78,#REF!,Extrato!X$3) -> #REF! | ... AI78: =SUMIFS(#REF!,#REF!,Extrato!$B78,#REF!,Extrato!AI$3) -> #REF! | AJ78: 0 | AK78: 0.01 | AL78: =SUM(C78:AK78) -> #REF!
B79: 46069 | C79: =AL78 -> #REF! | D79: =SUMIFS(#REF!,#REF!,Extrato!$B79,#REF!,Extrato!D$3) -> #REF! | E79: =SUMIFS(#REF!,#REF!,Extrato!$B79,#REF!,Extrato!E$3) -> #REF! | F79: =SUMIFS(#REF!,#REF!,Extrato!$B79,#REF!,Extrato!F$3) -> #REF! | G79: =SUMIFS(#REF!,#REF!,Extrato!$B79,#REF!,Extrato!G$3) -> #REF! | H79: =SUMIFS(#REF!,#REF!,Extrato!$B79,#REF!,Extrato!H$3) -> #REF! | I79: =SUMIFS(#REF!,#REF!,Extrato!$B79,#REF!,Extrato!I$3) -> #REF! | J79: =SUMIFS(#REF!,#REF!,Extrato!$B79,#REF!,Extrato!J$3) -> #REF! | K79: =SUMIFS(#REF!,#REF!,Extrato!$B79,#REF!,Extrato!K$3) -> #REF! | ... O79: =SUMIFS(#REF!,#REF!,Extrato!$B79,#REF!,Extrato!O$3) -> #REF! | P79: =SUMIF(BetFlow!B:B,B79,BetFlow!J:J) -> 0 | Q79: =SUMIFS(#REF!,#REF!,Extrato!$B79,#REF!,Extrato!Q$3) -> #REF! | R79: =SUMIFS(#REF!,#REF!,Extrato!$B79,#REF!,Extrato!R$3) -> #REF! | S79: =SUMIFS(#REF!,#REF!,Extrato!$B79,#REF!,Extrato!S$3) -> #REF! | T79: =SUMIFS(#REF!,#REF!,Extrato!$B79,#REF!,Extrato!T$3) -> #REF! | U79: =SUMIFS(#REF!,#REF!,Extrato!$B79,#REF!,Extrato!U$3) -> #REF! | V79: =SUMIFS(#REF!,#REF!,Extrato!$B79,#REF!,Extrato!V$3) -> #REF! | W79: =SUMIFS(#REF!,#REF!,Extrato!$B79,#REF!,Extrato!W$3) -> #REF! | X79: =SUMIFS(#REF!,#REF!,Extrato!$B79,#REF!,Extrato!X$3) -> #REF! | ... AI79: =SUMIFS(#REF!,#REF!,Extrato!$B79,#REF!,Extrato!AI$3) -> #REF! | AJ79: 0 | AL79: =SUM(C79:AK79) -> #REF!
B80: 46070 | C80: =AL79 -> #REF! | D80: =SUMIFS(#REF!,#REF!,Extrato!$B80,#REF!,Extrato!D$3) -> #REF! | E80: =SUMIFS(#REF!,#REF!,Extrato!$B80,#REF!,Extrato!E$3) -> #REF! | F80: =SUMIFS(#REF!,#REF!,Extrato!$B80,#REF!,Extrato!F$3) -> #REF! | G80: =SUMIFS(#REF!,#REF!,Extrato!$B80,#REF!,Extrato!G$3) -> #REF! | H80: =SUMIFS(#REF!,#REF!,Extrato!$B80,#REF!,Extrato!H$3) -> #REF! | I80: =SUMIFS(#REF!,#REF!,Extrato!$B80,#REF!,Extrato!I$3) -> #REF! | J80: =SUMIFS(#REF!,#REF!,Extrato!$B80,#REF!,Extrato!J$3) -> #REF! | K80: =SUMIFS(#REF!,#REF!,Extrato!$B80,#REF!,Extrato!K$3) -> #REF! | ... O80: =SUMIFS(#REF!,#REF!,Extrato!$B80,#REF!,Extrato!O$3) -> #REF! | P80: =SUMIF(BetFlow!B:B,B80,BetFlow!J:J) -> 0 | Q80: =SUMIFS(#REF!,#REF!,Extrato!$B80,#REF!,Extrato!Q$3) -> #REF! | R80: =SUMIFS(#REF!,#REF!,Extrato!$B80,#REF!,Extrato!R$3) -> #REF! | S80: =SUMIFS(#REF!,#REF!,Extrato!$B80,#REF!,Extrato!S$3) -> #REF! | T80: =SUMIFS(#REF!,#REF!,Extrato!$B80,#REF!,Extrato!T$3) -> #REF! | U80: =SUMIFS(#REF!,#REF!,Extrato!$B80,#REF!,Extrato!U$3) -> #REF! | V80: =SUMIFS(#REF!,#REF!,Extrato!$B80,#REF!,Extrato!V$3) -> #REF! | W80: =SUMIFS(#REF!,#REF!,Extrato!$B80,#REF!,Extrato!W$3) -> #REF! | X80: =SUMIFS(#REF!,#REF!,Extrato!$B80,#REF!,Extrato!X$3) -> #REF! | ... AI80: =SUMIFS(#REF!,#REF!,Extrato!$B80,#REF!,Extrato!AI$3) -> #REF! | AJ80: 0 | AL80: =SUM(C80:AK80) -> #REF!
B81: 46071 | C81: =AL80 -> #REF! | D81: =SUMIFS(#REF!,#REF!,Extrato!$B81,#REF!,Extrato!D$3) -> #REF! | E81: =SUMIFS(#REF!,#REF!,Extrato!$B81,#REF!,Extrato!E$3) -> #REF! | F81: =SUMIFS(#REF!,#REF!,Extrato!$B81,#REF!,Extrato!F$3) -> #REF! | G81: =SUMIFS(#REF!,#REF!,Extrato!$B81,#REF!,Extrato!G$3) -> #REF! | H81: =SUMIFS(#REF!,#REF!,Extrato!$B81,#REF!,Extrato!H$3) -> #REF! | I81: =SUMIFS(#REF!,#REF!,Extrato!$B81,#REF!,Extrato!I$3) -> #REF! | J81: =SUMIFS(#REF!,#REF!,Extrato!$B81,#REF!,Extrato!J$3) -> #REF! | K81: =SUMIFS(#REF!,#REF!,Extrato!$B81,#REF!,Extrato!K$3) -> #REF! | ... O81: =SUMIFS(#REF!,#REF!,Extrato!$B81,#REF!,Extrato!O$3) -> #REF! | P81: =SUMIF(BetFlow!B:B,B81,BetFlow!J:J) -> 0 | Q81: =SUMIFS(#REF!,#REF!,Extrato!$B81,#REF!,Extrato!Q$3) -> #REF! | R81: =SUMIFS(#REF!,#REF!,Extrato!$B81,#REF!,Extrato!R$3) -> #REF! | S81: =SUMIFS(#REF!,#REF!,Extrato!$B81,#REF!,Extrato!S$3) -> #REF! | T81: =SUMIFS(#REF!,#REF!,Extrato!$B81,#REF!,Extrato!T$3) -> #REF! | U81: =SUMIFS(#REF!,#REF!,Extrato!$B81,#REF!,Extrato!U$3) -> #REF! | V81: =SUMIFS(#REF!,#REF!,Extrato!$B81,#REF!,Extrato!V$3) -> #REF! | W81: =SUMIFS(#REF!,#REF!,Extrato!$B81,#REF!,Extrato!W$3) -> #REF! | X81: =SUMIFS(#REF!,#REF!,Extrato!$B81,#REF!,Extrato!X$3) -> #REF! | ... AI81: =SUMIFS(#REF!,#REF!,Extrato!$B81,#REF!,Extrato!AI$3) -> #REF! | AJ81: 0 | AL81: =SUM(C81:AK81) -> #REF!
B82: 46072 | C82: =AL81 -> #REF! | D82: =SUMIFS(#REF!,#REF!,Extrato!$B82,#REF!,Extrato!D$3) -> #REF! | E82: =SUMIFS(#REF!,#REF!,Extrato!$B82,#REF!,Extrato!E$3) -> #REF! | F82: =SUMIFS(#REF!,#REF!,Extrato!$B82,#REF!,Extrato!F$3) -> #REF! | G82: =SUMIFS(#REF!,#REF!,Extrato!$B82,#REF!,Extrato!G$3) -> #REF! | H82: =SUMIFS(#REF!,#REF!,Extrato!$B82,#REF!,Extrato!H$3) -> #REF! | I82: =SUMIFS(#REF!,#REF!,Extrato!$B82,#REF!,Extrato!I$3) -> #REF! | J82: =SUMIFS(#REF!,#REF!,Extrato!$B82,#REF!,Extrato!J$3) -> #REF! | K82: =SUMIFS(#REF!,#REF!,Extrato!$B82,#REF!,Extrato!K$3) -> #REF! | ... O82: =SUMIFS(#REF!,#REF!,Extrato!$B82,#REF!,Extrato!O$3) -> #REF! | P82: =SUMIF(BetFlow!B:B,B82,BetFlow!J:J) -> 0 | Q82: =SUMIFS(#REF!,#REF!,Extrato!$B82,#REF!,Extrato!Q$3) -> #REF! | R82: =SUMIFS(#REF!,#REF!,Extrato!$B82,#REF!,Extrato!R$3) -> #REF! | S82: =SUMIFS(#REF!,#REF!,Extrato!$B82,#REF!,Extrato!S$3) -> #REF! | T82: =SUMIFS(#REF!,#REF!,Extrato!$B82,#REF!,Extrato!T$3) -> #REF! | U82: =SUMIFS(#REF!,#REF!,Extrato!$B82,#REF!,Extrato!U$3) -> #REF! | V82: =SUMIFS(#REF!,#REF!,Extrato!$B82,#REF!,Extrato!V$3) -> #REF! | W82: =SUMIFS(#REF!,#REF!,Extrato!$B82,#REF!,Extrato!W$3) -> #REF! | X82: =SUMIFS(#REF!,#REF!,Extrato!$B82,#REF!,Extrato!X$3) -> #REF! | ... AI82: =SUMIFS(#REF!,#REF!,Extrato!$B82,#REF!,Extrato!AI$3) -> #REF! | AJ82: 0 | AK82: -0.01 | AL82: =SUM(C82:AK82) -> #REF!
B83: 46073 | C83: =AL82 -> #REF! | D83: =SUMIFS(#REF!,#REF!,Extrato!$B83,#REF!,Extrato!D$3) -> #REF! | E83: =SUMIFS(#REF!,#REF!,Extrato!$B83,#REF!,Extrato!E$3) -> #REF! | F83: =SUMIFS(#REF!,#REF!,Extrato!$B83,#REF!,Extrato!F$3) -> #REF! | G83: =SUMIFS(#REF!,#REF!,Extrato!$B83,#REF!,Extrato!G$3) -> #REF! | H83: =SUMIFS(#REF!,#REF!,Extrato!$B83,#REF!,Extrato!H$3) -> #REF! | I83: =SUMIFS(#REF!,#REF!,Extrato!$B83,#REF!,Extrato!I$3) -> #REF! | J83: =SUMIFS(#REF!,#REF!,Extrato!$B83,#REF!,Extrato!J$3) -> #REF! | K83: =SUMIFS(#REF!,#REF!,Extrato!$B83,#REF!,Extrato!K$3) -> #REF! | ... O83: =SUMIFS(#REF!,#REF!,Extrato!$B83,#REF!,Extrato!O$3) -> #REF! | P83: =SUMIF(BetFlow!B:B,B83,BetFlow!J:J) -> 0 | Q83: =SUMIFS(#REF!,#REF!,Extrato!$B83,#REF!,Extrato!Q$3) -> #REF! | R83: =SUMIFS(#REF!,#REF!,Extrato!$B83,#REF!,Extrato!R$3) -> #REF! | S83: =SUMIFS(#REF!,#REF!,Extrato!$B83,#REF!,Extrato!S$3) -> #REF! | T83: =SUMIFS(#REF!,#REF!,Extrato!$B83,#REF!,Extrato!T$3) -> #REF! | U83: =SUMIFS(#REF!,#REF!,Extrato!$B83,#REF!,Extrato!U$3) -> #REF! | V83: =SUMIFS(#REF!,#REF!,Extrato!$B83,#REF!,Extrato!V$3) -> #REF! | W83: =SUMIFS(#REF!,#REF!,Extrato!$B83,#REF!,Extrato!W$3) -> #REF! | X83: =SUMIFS(#REF!,#REF!,Extrato!$B83,#REF!,Extrato!X$3) -> #REF! | ... AI83: =SUMIFS(#REF!,#REF!,Extrato!$B83,#REF!,Extrato!AI$3) -> #REF! | AJ83: 0 | AL83: =SUM(C83:AK83) -> #REF!
B84: 46074 | C84: =AL83 -> #REF! | D84: =SUMIFS(#REF!,#REF!,Extrato!$B84,#REF!,Extrato!D$3) -> #REF! | E84: =SUMIFS(#REF!,#REF!,Extrato!$B84,#REF!,Extrato!E$3) -> #REF! | F84: =SUMIFS(#REF!,#REF!,Extrato!$B84,#REF!,Extrato!F$3) -> #REF! | G84: =SUMIFS(#REF!,#REF!,Extrato!$B84,#REF!,Extrato!G$3) -> #REF! | H84: =SUMIFS(#REF!,#REF!,Extrato!$B84,#REF!,Extrato!H$3) -> #REF! | I84: =SUMIFS(#REF!,#REF!,Extrato!$B84,#REF!,Extrato!I$3) -> #REF! | J84: =SUMIFS(#REF!,#REF!,Extrato!$B84,#REF!,Extrato!J$3) -> #REF! | K84: =SUMIFS(#REF!,#REF!,Extrato!$B84,#REF!,Extrato!K$3) -> #REF! | ... O84: =SUMIFS(#REF!,#REF!,Extrato!$B84,#REF!,Extrato!O$3) -> #REF! | P84: =SUMIF(BetFlow!B:B,B84,BetFlow!J:J) -> 0 | Q84: =SUMIFS(#REF!,#REF!,Extrato!$B84,#REF!,Extrato!Q$3) -> #REF! | R84: =SUMIFS(#REF!,#REF!,Extrato!$B84,#REF!,Extrato!R$3) -> #REF! | S84: =SUMIFS(#REF!,#REF!,Extrato!$B84,#REF!,Extrato!S$3) -> #REF! | T84: =SUMIFS(#REF!,#REF!,Extrato!$B84,#REF!,Extrato!T$3) -> #REF! | U84: =SUMIFS(#REF!,#REF!,Extrato!$B84,#REF!,Extrato!U$3) -> #REF! | V84: =SUMIFS(#REF!,#REF!,Extrato!$B84,#REF!,Extrato!V$3) -> #REF! | W84: =SUMIFS(#REF!,#REF!,Extrato!$B84,#REF!,Extrato!W$3) -> #REF! | X84: =SUMIFS(#REF!,#REF!,Extrato!$B84,#REF!,Extrato!X$3) -> #REF! | ... AI84: =SUMIFS(#REF!,#REF!,Extrato!$B84,#REF!,Extrato!AI$3) -> #REF! | AJ84: 0 | AK84: -0.01 | AL84: =SUM(C84:AK84) -> #REF!
B85: 46075 | C85: =AL84 -> #REF! | D85: =SUMIFS(#REF!,#REF!,Extrato!$B85,#REF!,Extrato!D$3) -> #REF! | E85: =SUMIFS(#REF!,#REF!,Extrato!$B85,#REF!,Extrato!E$3) -> #REF! | F85: =SUMIFS(#REF!,#REF!,Extrato!$B85,#REF!,Extrato!F$3) -> #REF! | G85: =SUMIFS(#REF!,#REF!,Extrato!$B85,#REF!,Extrato!G$3) -> #REF! | H85: =SUMIFS(#REF!,#REF!,Extrato!$B85,#REF!,Extrato!H$3) -> #REF! | I85: =SUMIFS(#REF!,#REF!,Extrato!$B85,#REF!,Extrato!I$3) -> #REF! | J85: =SUMIFS(#REF!,#REF!,Extrato!$B85,#REF!,Extrato!J$3) -> #REF! | K85: =SUMIFS(#REF!,#REF!,Extrato!$B85,#REF!,Extrato!K$3) -> #REF! | ... O85: =SUMIFS(#REF!,#REF!,Extrato!$B85,#REF!,Extrato!O$3) -> #REF! | P85: =SUMIF(BetFlow!B:B,B85,BetFlow!J:J) -> 0 | Q85: =SUMIFS(#REF!,#REF!,Extrato!$B85,#REF!,Extrato!Q$3) -> #REF! | R85: =SUMIFS(#REF!,#REF!,Extrato!$B85,#REF!,Extrato!R$3) -> #REF! | S85: =SUMIFS(#REF!,#REF!,Extrato!$B85,#REF!,Extrato!S$3) -> #REF! | T85: =SUMIFS(#REF!,#REF!,Extrato!$B85,#REF!,Extrato!T$3) -> #REF! | U85: =SUMIFS(#REF!,#REF!,Extrato!$B85,#REF!,Extrato!U$3) -> #REF! | V85: =SUMIFS(#REF!,#REF!,Extrato!$B85,#REF!,Extrato!V$3) -> #REF! | W85: =SUMIFS(#REF!,#REF!,Extrato!$B85,#REF!,Extrato!W$3) -> #REF! | X85: =SUMIFS(#REF!,#REF!,Extrato!$B85,#REF!,Extrato!X$3) -> #REF! | ... AI85: =SUMIFS(#REF!,#REF!,Extrato!$B85,#REF!,Extrato!AI$3) -> #REF! | AJ85: 0 | AL85: =SUM(C85:AK85) -> #REF!
B86: 46076 | C86: =AL85 -> #REF! | D86: =SUMIFS(#REF!,#REF!,Extrato!$B86,#REF!,Extrato!D$3) -> #REF! | E86: =SUMIFS(#REF!,#REF!,Extrato!$B86,#REF!,Extrato!E$3) -> #REF! | F86: =SUMIFS(#REF!,#REF!,Extrato!$B86,#REF!,Extrato!F$3) -> #REF! | G86: =SUMIFS(#REF!,#REF!,Extrato!$B86,#REF!,Extrato!G$3) -> #REF! | H86: =SUMIFS(#REF!,#REF!,Extrato!$B86,#REF!,Extrato!H$3) -> #REF! | I86: =SUMIFS(#REF!,#REF!,Extrato!$B86,#REF!,Extrato!I$3) -> #REF! | J86: =SUMIFS(#REF!,#REF!,Extrato!$B86,#REF!,Extrato!J$3) -> #REF! | K86: =SUMIFS(#REF!,#REF!,Extrato!$B86,#REF!,Extrato!K$3) -> #REF! | ... O86: =SUMIFS(#REF!,#REF!,Extrato!$B86,#REF!,Extrato!O$3) -> #REF! | P86: =SUMIF(BetFlow!B:B,B86,BetFlow!J:J) -> 0 | Q86: =SUMIFS(#REF!,#REF!,Extrato!$B86,#REF!,Extrato!Q$3) -> #REF! | R86: =SUMIFS(#REF!,#REF!,Extrato!$B86,#REF!,Extrato!R$3) -> #REF! | S86: =SUMIFS(#REF!,#REF!,Extrato!$B86,#REF!,Extrato!S$3) -> #REF! | T86: =SUMIFS(#REF!,#REF!,Extrato!$B86,#REF!,Extrato!T$3) -> #REF! | U86: =SUMIFS(#REF!,#REF!,Extrato!$B86,#REF!,Extrato!U$3) -> #REF! | V86: =SUMIFS(#REF!,#REF!,Extrato!$B86,#REF!,Extrato!V$3) -> #REF! | W86: =SUMIFS(#REF!,#REF!,Extrato!$B86,#REF!,Extrato!W$3) -> #REF! | X86: =SUMIFS(#REF!,#REF!,Extrato!$B86,#REF!,Extrato!X$3) -> #REF! | ... AI86: =SUMIFS(#REF!,#REF!,Extrato!$B86,#REF!,Extrato!AI$3) -> #REF! | AJ86: 0 | AK86: -0.02 | AL86: =SUM(C86:AK86) -> #REF!
B87: 46077 | C87: =AL86 -> #REF! | D87: =SUMIFS(#REF!,#REF!,Extrato!$B87,#REF!,Extrato!D$3) -> #REF! | E87: =SUMIFS(#REF!,#REF!,Extrato!$B87,#REF!,Extrato!E$3) -> #REF! | F87: =SUMIFS(#REF!,#REF!,Extrato!$B87,#REF!,Extrato!F$3) -> #REF! | G87: =SUMIFS(#REF!,#REF!,Extrato!$B87,#REF!,Extrato!G$3) -> #REF! | H87: =SUMIFS(#REF!,#REF!,Extrato!$B87,#REF!,Extrato!H$3) -> #REF! | I87: =SUMIFS(#REF!,#REF!,Extrato!$B87,#REF!,Extrato!I$3) -> #REF! | J87: =SUMIFS(#REF!,#REF!,Extrato!$B87,#REF!,Extrato!J$3) -> #REF! | K87: =SUMIFS(#REF!,#REF!,Extrato!$B87,#REF!,Extrato!K$3) -> #REF! | ... O87: =SUMIFS(#REF!,#REF!,Extrato!$B87,#REF!,Extrato!O$3) -> #REF! | P87: =SUMIF(BetFlow!B:B,B87,BetFlow!J:J) -> 0 | Q87: =SUMIFS(#REF!,#REF!,Extrato!$B87,#REF!,Extrato!Q$3) -> #REF! | R87: =SUMIFS(#REF!,#REF!,Extrato!$B87,#REF!,Extrato!R$3) -> #REF! | S87: =SUMIFS(#REF!,#REF!,Extrato!$B87,#REF!,Extrato!S$3) -> #REF! | T87: =SUMIFS(#REF!,#REF!,Extrato!$B87,#REF!,Extrato!T$3) -> #REF! | U87: =SUMIFS(#REF!,#REF!,Extrato!$B87,#REF!,Extrato!U$3) -> #REF! | V87: =SUMIFS(#REF!,#REF!,Extrato!$B87,#REF!,Extrato!V$3) -> #REF! | W87: =SUMIFS(#REF!,#REF!,Extrato!$B87,#REF!,Extrato!W$3) -> #REF! | X87: =SUMIFS(#REF!,#REF!,Extrato!$B87,#REF!,Extrato!X$3) -> #REF! | ... AI87: =SUMIFS(#REF!,#REF!,Extrato!$B87,#REF!,Extrato!AI$3) -> #REF! | AJ87: 0 | AL87: =SUM(C87:AK87) -> #REF!
B88: 46078 | C88: =AL87 -> #REF! | D88: =SUMIFS(#REF!,#REF!,Extrato!$B88,#REF!,Extrato!D$3) -> #REF! | E88: =SUMIFS(#REF!,#REF!,Extrato!$B88,#REF!,Extrato!E$3) -> #REF! | F88: =SUMIFS(#REF!,#REF!,Extrato!$B88,#REF!,Extrato!F$3) -> #REF! | G88: =SUMIFS(#REF!,#REF!,Extrato!$B88,#REF!,Extrato!G$3) -> #REF! | H88: =SUMIFS(#REF!,#REF!,Extrato!$B88,#REF!,Extrato!H$3) -> #REF! | I88: =SUMIFS(#REF!,#REF!,Extrato!$B88,#REF!,Extrato!I$3) -> #REF! | J88: =SUMIFS(#REF!,#REF!,Extrato!$B88,#REF!,Extrato!J$3) -> #REF! | K88: =SUMIFS(#REF!,#REF!,Extrato!$B88,#REF!,Extrato!K$3) -> #REF! | ... O88: =SUMIFS(#REF!,#REF!,Extrato!$B88,#REF!,Extrato!O$3) -> #REF! | P88: =SUMIF(BetFlow!B:B,B88,BetFlow!J:J) -> 0 | Q88: =SUMIFS(#REF!,#REF!,Extrato!$B88,#REF!,Extrato!Q$3) -> #REF! | R88: =SUMIFS(#REF!,#REF!,Extrato!$B88,#REF!,Extrato!R$3) -> #REF! | S88: =SUMIFS(#REF!,#REF!,Extrato!$B88,#REF!,Extrato!S$3) -> #REF! | T88: =SUMIFS(#REF!,#REF!,Extrato!$B88,#REF!,Extrato!T$3) -> #REF! | U88: =SUMIFS(#REF!,#REF!,Extrato!$B88,#REF!,Extrato!U$3) -> #REF! | V88: =SUMIFS(#REF!,#REF!,Extrato!$B88,#REF!,Extrato!V$3) -> #REF! | W88: =SUMIFS(#REF!,#REF!,Extrato!$B88,#REF!,Extrato!W$3) -> #REF! | X88: =SUMIFS(#REF!,#REF!,Extrato!$B88,#REF!,Extrato!X$3) -> #REF! | ... AI88: =SUMIFS(#REF!,#REF!,Extrato!$B88,#REF!,Extrato!AI$3) -> #REF! | AJ88: 0 | AK88: -0.01 | AL88: =SUM(C88:AK88) -> #REF!
B89: 46079 | C89: =AL88 -> #REF! | D89: =SUMIFS(#REF!,#REF!,Extrato!$B89,#REF!,Extrato!D$3) -> #REF! | E89: =SUMIFS(#REF!,#REF!,Extrato!$B89,#REF!,Extrato!E$3) -> #REF! | F89: =SUMIFS(#REF!,#REF!,Extrato!$B89,#REF!,Extrato!F$3) -> #REF! | G89: =SUMIFS(#REF!,#REF!,Extrato!$B89,#REF!,Extrato!G$3) -> #REF! | H89: =SUMIFS(#REF!,#REF!,Extrato!$B89,#REF!,Extrato!H$3) -> #REF! | I89: =SUMIFS(#REF!,#REF!,Extrato!$B89,#REF!,Extrato!I$3) -> #REF! | J89: =SUMIFS(#REF!,#REF!,Extrato!$B89,#REF!,Extrato!J$3) -> #REF! | K89: =SUMIFS(#REF!,#REF!,Extrato!$B89,#REF!,Extrato!K$3) -> #REF! | ... O89: =SUMIFS(#REF!,#REF!,Extrato!$B89,#REF!,Extrato!O$3) -> #REF! | P89: =SUMIF(BetFlow!B:B,B89,BetFlow!J:J) -> 0 | Q89: =SUMIFS(#REF!,#REF!,Extrato!$B89,#REF!,Extrato!Q$3) -> #REF! | R89: =SUMIFS(#REF!,#REF!,Extrato!$B89,#REF!,Extrato!R$3) -> #REF! | S89: =SUMIFS(#REF!,#REF!,Extrato!$B89,#REF!,Extrato!S$3) -> #REF! | T89: =SUMIFS(#REF!,#REF!,Extrato!$B89,#REF!,Extrato!T$3) -> #REF! | U89: =SUMIFS(#REF!,#REF!,Extrato!$B89,#REF!,Extrato!U$3) -> #REF! | V89: =SUMIFS(#REF!,#REF!,Extrato!$B89,#REF!,Extrato!V$3) -> #REF! | W89: =SUMIFS(#REF!,#REF!,Extrato!$B89,#REF!,Extrato!W$3) -> #REF! | X89: =SUMIFS(#REF!,#REF!,Extrato!$B89,#REF!,Extrato!X$3) -> #REF! | ... AI89: =SUMIFS(#REF!,#REF!,Extrato!$B89,#REF!,Extrato!AI$3) -> #REF! | AJ89: 0 | AL89: =SUM(C89:AK89) -> #REF!
B90: 46080 | C90: =AL89 -> #REF! | D90: =SUMIFS(#REF!,#REF!,Extrato!$B90,#REF!,Extrato!D$3) -> #REF! | E90: =SUMIFS(#REF!,#REF!,Extrato!$B90,#REF!,Extrato!E$3) -> #REF! | F90: =SUMIFS(#REF!,#REF!,Extrato!$B90,#REF!,Extrato!F$3) -> #REF! | G90: =SUMIFS(#REF!,#REF!,Extrato!$B90,#REF!,Extrato!G$3) -> #REF! | H90: =SUMIFS(#REF!,#REF!,Extrato!$B90,#REF!,Extrato!H$3) -> #REF! | I90: =SUMIFS(#REF!,#REF!,Extrato!$B90,#REF!,Extrato!I$3) -> #REF! | J90: =SUMIFS(#REF!,#REF!,Extrato!$B90,#REF!,Extrato!J$3) -> #REF! | K90: =SUMIFS(#REF!,#REF!,Extrato!$B90,#REF!,Extrato!K$3) -> #REF! | ... O90: =SUMIFS(#REF!,#REF!,Extrato!$B90,#REF!,Extrato!O$3) -> #REF! | P90: =SUMIF(BetFlow!B:B,B90,BetFlow!J:J) -> 0 | Q90: =SUMIFS(#REF!,#REF!,Extrato!$B90,#REF!,Extrato!Q$3) -> #REF! | R90: =SUMIFS(#REF!,#REF!,Extrato!$B90,#REF!,Extrato!R$3) -> #REF! | S90: =SUMIFS(#REF!,#REF!,Extrato!$B90,#REF!,Extrato!S$3) -> #REF! | T90: =SUMIFS(#REF!,#REF!,Extrato!$B90,#REF!,Extrato!T$3) -> #REF! | U90: =SUMIFS(#REF!,#REF!,Extrato!$B90,#REF!,Extrato!U$3) -> #REF! | V90: =SUMIFS(#REF!,#REF!,Extrato!$B90,#REF!,Extrato!V$3) -> #REF! | W90: =SUMIFS(#REF!,#REF!,Extrato!$B90,#REF!,Extrato!W$3) -> #REF! | X90: =SUMIFS(#REF!,#REF!,Extrato!$B90,#REF!,Extrato!X$3) -> #REF! | ... AI90: =SUMIFS(#REF!,#REF!,Extrato!$B90,#REF!,Extrato!AI$3) -> #REF! | AJ90: 0 | AL90: =SUM(C90:AK90) -> #REF!
B91: 46081 | C91: =AL90 -> #REF! | D91: =SUMIFS(#REF!,#REF!,Extrato!$B91,#REF!,Extrato!D$3) -> #REF! | E91: =SUMIFS(#REF!,#REF!,Extrato!$B91,#REF!,Extrato!E$3) -> #REF! | F91: =SUMIFS(#REF!,#REF!,Extrato!$B91,#REF!,Extrato!F$3) -> #REF! | G91: =SUMIFS(#REF!,#REF!,Extrato!$B91,#REF!,Extrato!G$3) -> #REF! | H91: =SUMIFS(#REF!,#REF!,Extrato!$B91,#REF!,Extrato!H$3) -> #REF! | I91: =SUMIFS(#REF!,#REF!,Extrato!$B91,#REF!,Extrato!I$3) -> #REF! | J91: =SUMIFS(#REF!,#REF!,Extrato!$B91,#REF!,Extrato!J$3) -> #REF! | K91: =SUMIFS(#REF!,#REF!,Extrato!$B91,#REF!,Extrato!K$3) -> #REF! | ... O91: =SUMIFS(#REF!,#REF!,Extrato!$B91,#REF!,Extrato!O$3) -> #REF! | P91: =SUMIF(BetFlow!B:B,B91,BetFlow!J:J) -> 0 | Q91: =SUMIFS(#REF!,#REF!,Extrato!$B91,#REF!,Extrato!Q$3) -> #REF! | R91: =SUMIFS(#REF!,#REF!,Extrato!$B91,#REF!,Extrato!R$3) -> #REF! | S91: =SUMIFS(#REF!,#REF!,Extrato!$B91,#REF!,Extrato!S$3) -> #REF! | T91: =SUMIFS(#REF!,#REF!,Extrato!$B91,#REF!,Extrato!T$3) -> #REF! | U91: =SUMIFS(#REF!,#REF!,Extrato!$B91,#REF!,Extrato!U$3) -> #REF! | V91: =SUMIFS(#REF!,#REF!,Extrato!$B91,#REF!,Extrato!V$3) -> #REF! | W91: =SUMIFS(#REF!,#REF!,Extrato!$B91,#REF!,Extrato!W$3) -> #REF! | X91: =SUMIFS(#REF!,#REF!,Extrato!$B91,#REF!,Extrato!X$3) -> #REF! | ... AI91: =SUMIFS(#REF!,#REF!,Extrato!$B91,#REF!,Extrato!AI$3) -> #REF! | AJ91: 0 | AL91: =SUM(C91:AK91) -> #REF!
B92: 46082 | C92: =AL91 -> #REF! | D92: =SUMIFS(#REF!,#REF!,Extrato!$B92,#REF!,Extrato!D$3) -> #REF! | E92: =SUMIFS(#REF!,#REF!,Extrato!$B92,#REF!,Extrato!E$3) -> #REF! | F92: =SUMIFS(#REF!,#REF!,Extrato!$B92,#REF!,Extrato!F$3) -> #REF! | G92: =SUMIFS(#REF!,#REF!,Extrato!$B92,#REF!,Extrato!G$3) -> #REF! | H92: =SUMIFS(#REF!,#REF!,Extrato!$B92,#REF!,Extrato!H$3) -> #REF! | I92: =SUMIFS(#REF!,#REF!,Extrato!$B92,#REF!,Extrato!I$3) -> #REF! | J92: =SUMIFS(#REF!,#REF!,Extrato!$B92,#REF!,Extrato!J$3) -> #REF! | K92: =SUMIFS(#REF!,#REF!,Extrato!$B92,#REF!,Extrato!K$3) -> #REF! | ... O92: =SUMIFS(#REF!,#REF!,Extrato!$B92,#REF!,Extrato!O$3) -> #REF! | P92: =SUMIF(BetFlow!B:B,B92,BetFlow!J:J) -> 0 | Q92: =SUMIFS(#REF!,#REF!,Extrato!$B92,#REF!,Extrato!Q$3) -> #REF! | R92: =SUMIFS(#REF!,#REF!,Extrato!$B92,#REF!,Extrato!R$3) -> #REF! | S92: =SUMIFS(#REF!,#REF!,Extrato!$B92,#REF!,Extrato!S$3) -> #REF! | T92: =SUMIFS(#REF!,#REF!,Extrato!$B92,#REF!,Extrato!T$3) -> #REF! | U92: =SUMIFS(#REF!,#REF!,Extrato!$B92,#REF!,Extrato!U$3) -> #REF! | V92: =SUMIFS(#REF!,#REF!,Extrato!$B92,#REF!,Extrato!V$3) -> #REF! | W92: =SUMIFS(#REF!,#REF!,Extrato!$B92,#REF!,Extrato!W$3) -> #REF! | X92: =SUMIFS(#REF!,#REF!,Extrato!$B92,#REF!,Extrato!X$3) -> #REF! | ... AI92: =SUMIFS(#REF!,#REF!,Extrato!$B92,#REF!,Extrato!AI$3) -> #REF! | AJ92: 250 | AK92: -0.02 | AL92: =SUM(C92:AK92) -> #REF!
B93: 46083 | C93: =AL92 -> #REF! | D93: =SUMIFS(#REF!,#REF!,Extrato!$B93,#REF!,Extrato!D$3) -> #REF! | E93: =SUMIFS(#REF!,#REF!,Extrato!$B93,#REF!,Extrato!E$3) -> #REF! | F93: =SUMIFS(#REF!,#REF!,Extrato!$B93,#REF!,Extrato!F$3) -> #REF! | G93: =SUMIFS(#REF!,#REF!,Extrato!$B93,#REF!,Extrato!G$3) -> #REF! | H93: =SUMIFS(#REF!,#REF!,Extrato!$B93,#REF!,Extrato!H$3) -> #REF! | I93: =SUMIFS(#REF!,#REF!,Extrato!$B93,#REF!,Extrato!I$3) -> #REF! | J93: =SUMIFS(#REF!,#REF!,Extrato!$B93,#REF!,Extrato!J$3) -> #REF! | K93: =SUMIFS(#REF!,#REF!,Extrato!$B93,#REF!,Extrato!K$3) -> #REF! | ... O93: =SUMIFS(#REF!,#REF!,Extrato!$B93,#REF!,Extrato!O$3) -> #REF! | P93: =SUMIF(BetFlow!B:B,B93,BetFlow!J:J) -> 0 | Q93: =SUMIFS(#REF!,#REF!,Extrato!$B93,#REF!,Extrato!Q$3) -> #REF! | R93: =SUMIFS(#REF!,#REF!,Extrato!$B93,#REF!,Extrato!R$3) -> #REF! | S93: =SUMIFS(#REF!,#REF!,Extrato!$B93,#REF!,Extrato!S$3) -> #REF! | T93: =SUMIFS(#REF!,#REF!,Extrato!$B93,#REF!,Extrato!T$3) -> #REF! | U93: =SUMIFS(#REF!,#REF!,Extrato!$B93,#REF!,Extrato!U$3) -> #REF! | V93: =SUMIFS(#REF!,#REF!,Extrato!$B93,#REF!,Extrato!V$3) -> #REF! | W93: =SUMIFS(#REF!,#REF!,Extrato!$B93,#REF!,Extrato!W$3) -> #REF! | X93: =SUMIFS(#REF!,#REF!,Extrato!$B93,#REF!,Extrato!X$3) -> #REF! | ... AI93: =SUMIFS(#REF!,#REF!,Extrato!$B93,#REF!,Extrato!AI$3) -> #REF! | AJ93: 0 | AL93: =SUM(C93:AK93) -> #REF!
B94: 46084 | C94: =AL93 -> #REF! | D94: =SUMIFS(#REF!,#REF!,Extrato!$B94,#REF!,Extrato!D$3) -> #REF! | E94: =SUMIFS(#REF!,#REF!,Extrato!$B94,#REF!,Extrato!E$3) -> #REF! | F94: =SUMIFS(#REF!,#REF!,Extrato!$B94,#REF!,Extrato!F$3) -> #REF! | G94: =SUMIFS(#REF!,#REF!,Extrato!$B94,#REF!,Extrato!G$3) -> #REF! | H94: =SUMIFS(#REF!,#REF!,Extrato!$B94,#REF!,Extrato!H$3) -> #REF! | I94: =SUMIFS(#REF!,#REF!,Extrato!$B94,#REF!,Extrato!I$3) -> #REF! | J94: =SUMIFS(#REF!,#REF!,Extrato!$B94,#REF!,Extrato!J$3) -> #REF! | K94: =SUMIFS(#REF!,#REF!,Extrato!$B94,#REF!,Extrato!K$3) -> #REF! | ... O94: =SUMIFS(#REF!,#REF!,Extrato!$B94,#REF!,Extrato!O$3) -> #REF! | P94: =SUMIF(BetFlow!B:B,B94,BetFlow!J:J) -> 0 | Q94: =SUMIFS(#REF!,#REF!,Extrato!$B94,#REF!,Extrato!Q$3) -> #REF! | R94: =SUMIFS(#REF!,#REF!,Extrato!$B94,#REF!,Extrato!R$3) -> #REF! | S94: =SUMIFS(#REF!,#REF!,Extrato!$B94,#REF!,Extrato!S$3) -> #REF! | T94: =SUMIFS(#REF!,#REF!,Extrato!$B94,#REF!,Extrato!T$3) -> #REF! | U94: =SUMIFS(#REF!,#REF!,Extrato!$B94,#REF!,Extrato!U$3) -> #REF! | V94: =SUMIFS(#REF!,#REF!,Extrato!$B94,#REF!,Extrato!V$3) -> #REF! | W94: =SUMIFS(#REF!,#REF!,Extrato!$B94,#REF!,Extrato!W$3) -> #REF! | X94: =SUMIFS(#REF!,#REF!,Extrato!$B94,#REF!,Extrato!X$3) -> #REF! | ... AI94: =SUMIFS(#REF!,#REF!,Extrato!$B94,#REF!,Extrato!AI$3) -> #REF! | AJ94: 0 | AL94: =SUM(C94:AK94) -> #REF!
B95: 46085 | C95: =AL94 -> #REF! | D95: =SUMIFS(#REF!,#REF!,Extrato!$B95,#REF!,Extrato!D$3) -> #REF! | E95: =SUMIFS(#REF!,#REF!,Extrato!$B95,#REF!,Extrato!E$3) -> #REF! | F95: =SUMIFS(#REF!,#REF!,Extrato!$B95,#REF!,Extrato!F$3) -> #REF! | G95: =SUMIFS(#REF!,#REF!,Extrato!$B95,#REF!,Extrato!G$3) -> #REF! | H95: =SUMIFS(#REF!,#REF!,Extrato!$B95,#REF!,Extrato!H$3) -> #REF! | I95: =SUMIFS(#REF!,#REF!,Extrato!$B95,#REF!,Extrato!I$3) -> #REF! | J95: =SUMIFS(#REF!,#REF!,Extrato!$B95,#REF!,Extrato!J$3) -> #REF! | K95: =SUMIFS(#REF!,#REF!,Extrato!$B95,#REF!,Extrato!K$3) -> #REF! | ... O95: =SUMIFS(#REF!,#REF!,Extrato!$B95,#REF!,Extrato!O$3) -> #REF! | P95: =SUMIF(BetFlow!B:B,B95,BetFlow!J:J) -> 0 | Q95: =SUMIFS(#REF!,#REF!,Extrato!$B95,#REF!,Extrato!Q$3) -> #REF! | R95: =SUMIFS(#REF!,#REF!,Extrato!$B95,#REF!,Extrato!R$3) -> #REF! | S95: =SUMIFS(#REF!,#REF!,Extrato!$B95,#REF!,Extrato!S$3) -> #REF! | T95: =SUMIFS(#REF!,#REF!,Extrato!$B95,#REF!,Extrato!T$3) -> #REF! | U95: =SUMIFS(#REF!,#REF!,Extrato!$B95,#REF!,Extrato!U$3) -> #REF! | V95: =SUMIFS(#REF!,#REF!,Extrato!$B95,#REF!,Extrato!V$3) -> #REF! | W95: =SUMIFS(#REF!,#REF!,Extrato!$B95,#REF!,Extrato!W$3) -> #REF! | X95: =SUMIFS(#REF!,#REF!,Extrato!$B95,#REF!,Extrato!X$3) -> #REF! | ... AI95: =SUMIFS(#REF!,#REF!,Extrato!$B95,#REF!,Extrato!AI$3) -> #REF! | AJ95: 0 | AK95: -0.02 | AL95: =SUM(C95:AK95) -> #REF!
B96: 46086 | C96: =AL95 -> #REF! | D96: =SUMIFS(#REF!,#REF!,Extrato!$B96,#REF!,Extrato!D$3) -> #REF! | E96: =SUMIFS(#REF!,#REF!,Extrato!$B96,#REF!,Extrato!E$3) -> #REF! | F96: =SUMIFS(#REF!,#REF!,Extrato!$B96,#REF!,Extrato!F$3) -> #REF! | G96: =SUMIFS(#REF!,#REF!,Extrato!$B96,#REF!,Extrato!G$3) -> #REF! | H96: =SUMIFS(#REF!,#REF!,Extrato!$B96,#REF!,Extrato!H$3) -> #REF! | I96: =SUMIFS(#REF!,#REF!,Extrato!$B96,#REF!,Extrato!I$3) -> #REF! | J96: =SUMIFS(#REF!,#REF!,Extrato!$B96,#REF!,Extrato!J$3) -> #REF! | K96: =SUMIFS(#REF!,#REF!,Extrato!$B96,#REF!,Extrato!K$3) -> #REF! | ... O96: =SUMIFS(#REF!,#REF!,Extrato!$B96,#REF!,Extrato!O$3) -> #REF! | P96: =SUMIF(BetFlow!B:B,B96,BetFlow!J:J) -> 0 | Q96: =SUMIFS(#REF!,#REF!,Extrato!$B96,#REF!,Extrato!Q$3) -> #REF! | R96: =SUMIFS(#REF!,#REF!,Extrato!$B96,#REF!,Extrato!R$3) -> #REF! | S96: =SUMIFS(#REF!,#REF!,Extrato!$B96,#REF!,Extrato!S$3) -> #REF! | T96: =SUMIFS(#REF!,#REF!,Extrato!$B96,#REF!,Extrato!T$3) -> #REF! | U96: =SUMIFS(#REF!,#REF!,Extrato!$B96,#REF!,Extrato!U$3) -> #REF! | V96: =SUMIFS(#REF!,#REF!,Extrato!$B96,#REF!,Extrato!V$3) -> #REF! | W96: =SUMIFS(#REF!,#REF!,Extrato!$B96,#REF!,Extrato!W$3) -> #REF! | X96: =SUMIFS(#REF!,#REF!,Extrato!$B96,#REF!,Extrato!X$3) -> #REF! | ... AI96: =SUMIFS(#REF!,#REF!,Extrato!$B96,#REF!,Extrato!AI$3) -> #REF! | AJ96: 0 | AL96: =SUM(C96:AK96) -> #REF!
B97: 46087 | C97: =AL96 -> #REF! | D97: =SUMIFS(#REF!,#REF!,Extrato!$B97,#REF!,Extrato!D$3) -> #REF! | E97: =SUMIFS(#REF!,#REF!,Extrato!$B97,#REF!,Extrato!E$3) -> #REF! | F97: =SUMIFS(#REF!,#REF!,Extrato!$B97,#REF!,Extrato!F$3) -> #REF! | G97: =SUMIFS(#REF!,#REF!,Extrato!$B97,#REF!,Extrato!G$3) -> #REF! | H97: =SUMIFS(#REF!,#REF!,Extrato!$B97,#REF!,Extrato!H$3) -> #REF! | I97: =SUMIFS(#REF!,#REF!,Extrato!$B97,#REF!,Extrato!I$3) -> #REF! | J97: =SUMIFS(#REF!,#REF!,Extrato!$B97,#REF!,Extrato!J$3) -> #REF! | K97: =SUMIFS(#REF!,#REF!,Extrato!$B97,#REF!,Extrato!K$3) -> #REF! | ... O97: =SUMIFS(#REF!,#REF!,Extrato!$B97,#REF!,Extrato!O$3) -> #REF! | P97: =SUMIF(BetFlow!B:B,B97,BetFlow!J:J) -> 0 | Q97: =SUMIFS(#REF!,#REF!,Extrato!$B97,#REF!,Extrato!Q$3) -> #REF! | R97: =SUMIFS(#REF!,#REF!,Extrato!$B97,#REF!,Extrato!R$3) -> #REF! | S97: =SUMIFS(#REF!,#REF!,Extrato!$B97,#REF!,Extrato!S$3) -> #REF! | T97: =SUMIFS(#REF!,#REF!,Extrato!$B97,#REF!,Extrato!T$3) -> #REF! | U97: =SUMIFS(#REF!,#REF!,Extrato!$B97,#REF!,Extrato!U$3) -> #REF! | V97: =SUMIFS(#REF!,#REF!,Extrato!$B97,#REF!,Extrato!V$3) -> #REF! | W97: =SUMIFS(#REF!,#REF!,Extrato!$B97,#REF!,Extrato!W$3) -> #REF! | X97: =SUMIFS(#REF!,#REF!,Extrato!$B97,#REF!,Extrato!X$3) -> #REF! | ... AI97: =SUMIFS(#REF!,#REF!,Extrato!$B97,#REF!,Extrato!AI$3) -> #REF! | AJ97: 0 | AK97: 0.01 | AL97: =SUM(C97:AK97) -> #REF!
B98: 46088 | C98: =AL97 -> #REF! | D98: =SUMIFS(#REF!,#REF!,Extrato!$B98,#REF!,Extrato!D$3) -> #REF! | E98: =SUMIFS(#REF!,#REF!,Extrato!$B98,#REF!,Extrato!E$3) -> #REF! | F98: =SUMIFS(#REF!,#REF!,Extrato!$B98,#REF!,Extrato!F$3) -> #REF! | G98: =SUMIFS(#REF!,#REF!,Extrato!$B98,#REF!,Extrato!G$3) -> #REF! | H98: =SUMIFS(#REF!,#REF!,Extrato!$B98,#REF!,Extrato!H$3) -> #REF! | I98: =SUMIFS(#REF!,#REF!,Extrato!$B98,#REF!,Extrato!I$3) -> #REF! | J98: =SUMIFS(#REF!,#REF!,Extrato!$B98,#REF!,Extrato!J$3) -> #REF! | K98: =SUMIFS(#REF!,#REF!,Extrato!$B98,#REF!,Extrato!K$3) -> #REF! | ... O98: =SUMIFS(#REF!,#REF!,Extrato!$B98,#REF!,Extrato!O$3) -> #REF! | P98: =SUMIF(BetFlow!B:B,B98,BetFlow!J:J) -> 0 | Q98: =SUMIFS(#REF!,#REF!,Extrato!$B98,#REF!,Extrato!Q$3) -> #REF! | R98: =SUMIFS(#REF!,#REF!,Extrato!$B98,#REF!,Extrato!R$3) -> #REF! | S98: =SUMIFS(#REF!,#REF!,Extrato!$B98,#REF!,Extrato!S$3) -> #REF! | T98: =SUMIFS(#REF!,#REF!,Extrato!$B98,#REF!,Extrato!T$3) -> #REF! | U98: =SUMIFS(#REF!,#REF!,Extrato!$B98,#REF!,Extrato!U$3) -> #REF! | V98: =SUMIFS(#REF!,#REF!,Extrato!$B98,#REF!,Extrato!V$3) -> #REF! | W98: =SUMIFS(#REF!,#REF!,Extrato!$B98,#REF!,Extrato!W$3) -> #REF! | X98: =SUMIFS(#REF!,#REF!,Extrato!$B98,#REF!,Extrato!X$3) -> #REF! | ... AI98: =SUMIFS(#REF!,#REF!,Extrato!$B98,#REF!,Extrato!AI$3) -> #REF! | AJ98: 0 | AL98: =SUM(C98:AK98) -> #REF!
B99: 46089 | C99: =AL98 -> #REF! | D99: =SUMIFS(#REF!,#REF!,Extrato!$B99,#REF!,Extrato!D$3) -> #REF! | E99: =SUMIFS(#REF!,#REF!,Extrato!$B99,#REF!,Extrato!E$3) -> #REF! | F99: =SUMIFS(#REF!,#REF!,Extrato!$B99,#REF!,Extrato!F$3) -> #REF! | G99: =SUMIFS(#REF!,#REF!,Extrato!$B99,#REF!,Extrato!G$3) -> #REF! | H99: =SUMIFS(#REF!,#REF!,Extrato!$B99,#REF!,Extrato!H$3) -> #REF! | I99: =SUMIFS(#REF!,#REF!,Extrato!$B99,#REF!,Extrato!I$3) -> #REF! | J99: =SUMIFS(#REF!,#REF!,Extrato!$B99,#REF!,Extrato!J$3) -> #REF! | K99: =SUMIFS(#REF!,#REF!,Extrato!$B99,#REF!,Extrato!K$3) -> #REF! | ... O99: =SUMIFS(#REF!,#REF!,Extrato!$B99,#REF!,Extrato!O$3) -> #REF! | P99: =SUMIF(BetFlow!B:B,B99,BetFlow!J:J) -> 0 | Q99: =SUMIFS(#REF!,#REF!,Extrato!$B99,#REF!,Extrato!Q$3) -> #REF! | R99: =SUMIFS(#REF!,#REF!,Extrato!$B99,#REF!,Extrato!R$3) -> #REF! | S99: =SUMIFS(#REF!,#REF!,Extrato!$B99,#REF!,Extrato!S$3) -> #REF! | T99: =SUMIFS(#REF!,#REF!,Extrato!$B99,#REF!,Extrato!T$3) -> #REF! | U99: =SUMIFS(#REF!,#REF!,Extrato!$B99,#REF!,Extrato!U$3) -> #REF! | V99: =SUMIFS(#REF!,#REF!,Extrato!$B99,#REF!,Extrato!V$3) -> #REF! | W99: =SUMIFS(#REF!,#REF!,Extrato!$B99,#REF!,Extrato!W$3) -> #REF! | X99: =SUMIFS(#REF!,#REF!,Extrato!$B99,#REF!,Extrato!X$3) -> #REF! | ... AI99: =SUMIFS(#REF!,#REF!,Extrato!$B99,#REF!,Extrato!AI$3) -> #REF! | AJ99: 0 | AK99: -0.01 | AL99: =SUM(C99:AK99) -> #REF!
B100: 46090 | C100: =AL99 -> #REF! | D100: =SUMIFS(#REF!,#REF!,Extrato!$B100,#REF!,Extrato!D$3) -> #REF! | E100: =SUMIFS(#REF!,#REF!,Extrato!$B100,#REF!,Extrato!E$3) -> #REF! | F100: =SUMIFS(#REF!,#REF!,Extrato!$B100,#REF!,Extrato!F$3) -> #REF! | G100: =SUMIFS(#REF!,#REF!,Extrato!$B100,#REF!,Extrato!G$3) -> #REF! | H100: =SUMIFS(#REF!,#REF!,Extrato!$B100,#REF!,Extrato!H$3) -> #REF! | I100: =SUMIFS(#REF!,#REF!,Extrato!$B100,#REF!,Extrato!I$3) -> #REF! | J100: =SUMIFS(#REF!,#REF!,Extrato!$B100,#REF!,Extrato!J$3) -> #REF! | K100: =SUMIFS(#REF!,#REF!,Extrato!$B100,#REF!,Extrato!K$3) -> #REF! | ... O100: =SUMIFS(#REF!,#REF!,Extrato!$B100,#REF!,Extrato!O$3) -> #REF! | P100: =SUMIF(BetFlow!B:B,B100,BetFlow!J:J) -> 0 | Q100: =SUMIFS(#REF!,#REF!,Extrato!$B100,#REF!,Extrato!Q$3) -> #REF! | R100: =SUMIFS(#REF!,#REF!,Extrato!$B100,#REF!,Extrato!R$3) -> #REF! | S100: =SUMIFS(#REF!,#REF!,Extrato!$B100,#REF!,Extrato!S$3) -> #REF! | T100: =SUMIFS(#REF!,#REF!,Extrato!$B100,#REF!,Extrato!T$3) -> #REF! | U100: =SUMIFS(#REF!,#REF!,Extrato!$B100,#REF!,Extrato!U$3) -> #REF! | V100: =SUMIFS(#REF!,#REF!,Extrato!$B100,#REF!,Extrato!V$3) -> #REF! | W100: =SUMIFS(#REF!,#REF!,Extrato!$B100,#REF!,Extrato!W$3) -> #REF! | X100: =SUMIFS(#REF!,#REF!,Extrato!$B100,#REF!,Extrato!X$3) -> #REF! | ... AI100: =SUMIFS(#REF!,#REF!,Extrato!$B100,#REF!,Extrato!AI$3) -> #REF! | AJ100: 0 | AL100: =SUM(C100:AK100) -> #REF!
B101: 46091 | C101: =AL100 -> #REF! | D101: =SUMIFS(#REF!,#REF!,Extrato!$B101,#REF!,Extrato!D$3) -> #REF! | E101: =SUMIFS(#REF!,#REF!,Extrato!$B101,#REF!,Extrato!E$3) -> #REF! | F101: =SUMIFS(#REF!,#REF!,Extrato!$B101,#REF!,Extrato!F$3) -> #REF! | G101: =SUMIFS(#REF!,#REF!,Extrato!$B101,#REF!,Extrato!G$3) -> #REF! | H101: =SUMIFS(#REF!,#REF!,Extrato!$B101,#REF!,Extrato!H$3) -> #REF! | I101: =SUMIFS(#REF!,#REF!,Extrato!$B101,#REF!,Extrato!I$3) -> #REF! | J101: =SUMIFS(#REF!,#REF!,Extrato!$B101,#REF!,Extrato!J$3) -> #REF! | K101: =SUMIFS(#REF!,#REF!,Extrato!$B101,#REF!,Extrato!K$3) -> #REF! | ... O101: =SUMIFS(#REF!,#REF!,Extrato!$B101,#REF!,Extrato!O$3) -> #REF! | P101: =SUMIF(BetFlow!B:B,B101,BetFlow!J:J) -> 0 | Q101: =SUMIFS(#REF!,#REF!,Extrato!$B101,#REF!,Extrato!Q$3) -> #REF! | R101: =SUMIFS(#REF!,#REF!,Extrato!$B101,#REF!,Extrato!R$3) -> #REF! | S101: =SUMIFS(#REF!,#REF!,Extrato!$B101,#REF!,Extrato!S$3) -> #REF! | T101: =SUMIFS(#REF!,#REF!,Extrato!$B101,#REF!,Extrato!T$3) -> #REF! | U101: =SUMIFS(#REF!,#REF!,Extrato!$B101,#REF!,Extrato!U$3) -> #REF! | V101: =SUMIFS(#REF!,#REF!,Extrato!$B101,#REF!,Extrato!V$3) -> #REF! | W101: =SUMIFS(#REF!,#REF!,Extrato!$B101,#REF!,Extrato!W$3) -> #REF! | X101: =SUMIFS(#REF!,#REF!,Extrato!$B101,#REF!,Extrato!X$3) -> #REF! | ... AI101: =SUMIFS(#REF!,#REF!,Extrato!$B101,#REF!,Extrato!AI$3) -> #REF! | AJ101: 0 | AK101: 0.01 | AL101: =SUM(C101:AK101) -> #REF!
B102: 46092 | C102: =AL101 -> #REF! | D102: =SUMIFS(#REF!,#REF!,Extrato!$B102,#REF!,Extrato!D$3) -> #REF! | E102: =SUMIFS(#REF!,#REF!,Extrato!$B102,#REF!,Extrato!E$3) -> #REF! | F102: =SUMIFS(#REF!,#REF!,Extrato!$B102,#REF!,Extrato!F$3) -> #REF! | G102: =SUMIFS(#REF!,#REF!,Extrato!$B102,#REF!,Extrato!G$3) -> #REF! | H102: =SUMIFS(#REF!,#REF!,Extrato!$B102,#REF!,Extrato!H$3) -> #REF! | I102: =SUMIFS(#REF!,#REF!,Extrato!$B102,#REF!,Extrato!I$3) -> #REF! | J102: =SUMIFS(#REF!,#REF!,Extrato!$B102,#REF!,Extrato!J$3) -> #REF! | K102: =SUMIFS(#REF!,#REF!,Extrato!$B102,#REF!,Extrato!K$3) -> #REF! | ... O102: =SUMIFS(#REF!,#REF!,Extrato!$B102,#REF!,Extrato!O$3) -> #REF! | P102: =SUMIF(BetFlow!B:B,B102,BetFlow!J:J) -> 0 | Q102: =SUMIFS(#REF!,#REF!,Extrato!$B102,#REF!,Extrato!Q$3) -> #REF! | R102: =SUMIFS(#REF!,#REF!,Extrato!$B102,#REF!,Extrato!R$3) -> #REF! | S102: =SUMIFS(#REF!,#REF!,Extrato!$B102,#REF!,Extrato!S$3) -> #REF! | T102: =SUMIFS(#REF!,#REF!,Extrato!$B102,#REF!,Extrato!T$3) -> #REF! | U102: =SUMIFS(#REF!,#REF!,Extrato!$B102,#REF!,Extrato!U$3) -> #REF! | V102: =SUMIFS(#REF!,#REF!,Extrato!$B102,#REF!,Extrato!V$3) -> #REF! | W102: =SUMIFS(#REF!,#REF!,Extrato!$B102,#REF!,Extrato!W$3) -> #REF! | X102: =SUMIFS(#REF!,#REF!,Extrato!$B102,#REF!,Extrato!X$3) -> #REF! | ... AI102: =SUMIFS(#REF!,#REF!,Extrato!$B102,#REF!,Extrato!AI$3) -> #REF! | AJ102: 0 | AL102: =SUM(C102:AK102) -> #REF!
...

Sheet Base
B2: Evento / Mercado | C2: Exchange | D2: Data de liquidação | E2: L/P Líquido | F2: Comissão% | G2: L/P Bruto | H2: Método | I2: Placar | J2: Odd | K2: Stake/Responsabilidade | L2: Data | M2: ComissãoR$ | N2: Stakes | O2: Resultado_Binario | P2: Campeonato | Q2: Casa | R2: Visitante | S2: Confronto
B3: FC Luzern vs FC Winterthur / Correct Score | C3: Fulltbet | D3: 45990.765 | E3: 11.3645 | F3: 0.045 | G3: =IF(E3>0,E3/(1-F3),E3) -> 11.9 | H3: OMQB | I3: 0x1 | J3: 9.4 | K3: 99.96 | L3: =INT(base[[#This Row],[Data de liquidação]]) -> 45990 | M3: =base[[#This Row],[L/P Bruto]]-base[[#This Row],[L/P Líquido]] -> 0.5355 | N3: =base[[#This Row],[L/P Líquido]]/base[[#This Row],[Stake/Responsabilidade]] -> 0.11369048 | O3: =IF(base[[#This Row],[L/P Líquido]]>0,1,0) -> 1 | Q3: =LEFT(base[[#This Row],[Evento / Mercado]],FIND("vs",base[[#This Row],[Evento / Mercado]])-2) -> FC Luzern | R3: =IF(ISNUMBER(FIND("/",base[[#This Row],[Evento / Mercado]])),MID(base[[#This Row],[Evento / Mercado]],FIND("vs",base[[#This Row],[Evento / Mercado]])+3,FIND("/",base[[#This Row],[Evento / Mercado]])-FIND("vs",base[[#This Row],[Evento / Mercado]])-4),RIGHT(base[[#This Row],[Evento / Mercado]],LEN(base[[#This Row],[Evento / Mercado]])-FIND("vs",base[[#This Row],[Evento / Mercado]])-2)) -> FC Winterthur | S3: =LEFT(base[[#This Row],[Evento / Mercado]],FIND("/",base[[#This Row],[Evento / Mercado]])-2) -> FC Luzern vs FC Winterthur | T3: 11.9 | U3: =T3*0.955 -> 11.3645
B4: FC Luzern vs FC Winterthur / Correct Score | C4: Fulltbet | D4: 45990.765 | E4: 19.1 | F4: 0.045 | G4: =IF(E4>0,E4/(1-F4),E4) -> 20 | H4: OMQB | I4: 1x0 | J4: 6 | K4: 100 | L4: =INT(base[[#This Row],[Data de liquidação]]) -> 45990 | M4: =base[[#This Row],[L/P Bruto]]-base[[#This Row],[L/P Líquido]] -> 0.9 | N4: =base[[#This Row],[L/P Líquido]]/base[[#This Row],[Stake/Responsabilidade]] -> 0.191 | O4: =IF(base[[#This Row],[L/P Líquido]]>0,1,0) -> 1 | Q4: =LEFT(base[[#This Row],[Evento / Mercado]],FIND("vs",base[[#This Row],[Evento / Mercado]])-2) -> FC Luzern | R4: =IF(ISNUMBER(FIND("/",base[[#This Row],[Evento / Mercado]])),MID(base[[#This Row],[Evento / Mercado]],FIND("vs",base[[#This Row],[Evento / Mercado]])+3,FIND("/",base[[#This Row],[Evento / Mercado]])-FIND("vs",base[[#This Row],[Evento / Mercado]])-4),RIGHT(base[[#This Row],[Evento / Mercado]],LEN(base[[#This Row],[Evento / Mercado]])-FIND("vs",base[[#This Row],[Evento / Mercado]])-2)) -> FC Winterthur | S4: =LEFT(base[[#This Row],[Evento / Mercado]],FIND("/",base[[#This Row],[Evento / Mercado]])-2) -> FC Luzern vs FC Winterthur | T4: 20 | U4: =T4*0.955 -> 19.1
B5: AC Milan vs Lazio / Correct Score | C5: Fulltbet | D5: 45990.786 | E5: 8.68 | F5: 0.045 | G5: =IF(E5>0,E5/(1-F5),E5) -> 9.0890052 | H5: OMQB | I5: 0x1 | J5: 12 | K5: 99.99 | L5: =INT(base[[#This Row],[Data de liquidação]]) -> 45990 | M5: =base[[#This Row],[L/P Bruto]]-base[[#This Row],[L/P Líquido]] -> 0.40900524 | N5: =base[[#This Row],[L/P Líquido]]/base[[#This Row],[Stake/Responsabilidade]] -> 0.086808681 | O5: =IF(base[[#This Row],[L/P Líquido]]>0,1,0) -> 1 | Q5: =LEFT(base[[#This Row],[Evento / Mercado]],FIND("vs",base[[#This Row],[Evento / Mercado]])-2) -> AC Milan | R5: =IF(ISNUMBER(FIND("/",base[[#This Row],[Evento / Mercado]])),MID(base[[#This Row],[Evento / Mercado]],FIND("vs",base[[#This Row],[Evento / Mercado]])+3,FIND("/",base[[#This Row],[Evento / Mercado]])-FIND("vs",base[[#This Row],[Evento / Mercado]])-4),RIGHT(base[[#This Row],[Evento / Mercado]],LEN(base[[#This Row],[Evento / Mercado]])-FIND("vs",base[[#This Row],[Evento / Mercado]])-2)) -> Lazio | S5: =LEFT(base[[#This Row],[Evento / Mercado]],FIND("/",base[[#This Row],[Evento / Mercado]])-2) -> AC Milan vs Lazio
B6: Olympique Marseille vs Toulouse FC / Correct Score | C6: Fulltbet | D6: 45990.792 | E6: 11.10665 | F6: 0.045 | G6: =IF(E6>0,E6/(1-F6),E6) -> 11.63 | H6: OMQB | I6: 1x0 | J6: 9.6 | K6: 100.02 | L6: =INT(base[[#This Row],[Data de liquidação]]) -> 45990 | M6: =base[[#This Row],[L/P Bruto]]-base[[#This Row],[L/P Líquido]] -> 0.52335 | N6: =base[[#This Row],[L/P Líquido]]/base[[#This Row],[Stake/Responsabilidade]] -> 0.11104429 | O6: =IF(base[[#This Row],[L/P Líquido]]>0,1,0) -> 1 | Q6: =LEFT(base[[#This Row],[Evento / Mercado]],FIND("vs",base[[#This Row],[Evento / Mercado]])-2) -> Olympique Marseille | R6: =IF(ISNUMBER(FIND("/",base[[#This Row],[Evento / Mercado]])),MID(base[[#This Row],[Evento / Mercado]],FIND("vs",base[[#This Row],[Evento / Mercado]])+3,FIND("/",base[[#This Row],[Evento / Mercado]])-FIND("vs",base[[#This Row],[Evento / Mercado]])-4),RIGHT(base[[#This Row],[Evento / Mercado]],LEN(base[[#This Row],[Evento / Mercado]])-FIND("vs",base[[#This Row],[Evento / Mercado]])-2)) -> Toulouse FC | S6: =LEFT(base[[#This Row],[Evento / Mercado]],FIND("/",base[[#This Row],[Evento / Mercado]])-2) -> Olympique Marseille vs Toulouse FC | T6: 11.63 | U6: =T6*0.955 -> 11.10665
B7: Olympique Marseille vs Toulouse FC / Correct Score | C7: Fulltbet | D7: 45990.792 | E7: 4.5458 | F7: 0.045 | G7: =IF(E7>0,E7/(1-F7),E7) -> 4.76 | H7: OMQB | I7: 0x1 | J7: 22 | K7: 99.96 | L7: =INT(base[[#This Row],[Data de liquidação]]) -> 45990 | M7: =base[[#This Row],[L/P Bruto]]-base[[#This Row],[L/P Líquido]] -> 0.2142 | N7: =base[[#This Row],[L/P Líquido]]/base[[#This Row],[Stake/Responsabilidade]] -> 0.04547619 | O7: =IF(base[[#This Row],[L/P Líquido]]>0,1,0) -> 1 | Q7: =LEFT(base[[#This Row],[Evento / Mercado]],FIND("vs",base[[#This Row],[Evento / Mercado]])-2) -> Olympique Marseille | R7: =IF(ISNUMBER(FIND("/",base[[#This Row],[Evento / Mercado]])),MID(base[[#This Row],[Evento / Mercado]],FIND("vs",base[[#This Row],[Evento / Mercado]])+3,FIND("/",base[[#This Row],[Evento / Mercado]])-FIND("vs",base[[#This Row],[Evento / Mercado]])-4),RIGHT(base[[#This Row],[Evento / Mercado]],LEN(base[[#This Row],[Evento / Mercado]])-FIND("vs",base[[#This Row],[Evento / Mercado]])-2)) -> Toulouse FC | S7: =LEFT(base[[#This Row],[Evento / Mercado]],FIND("/",base[[#This Row],[Evento / Mercado]])-2) -> Olympique Marseille vs Toulouse FC | T7: 4.76 | U7: =T7*0.955 -> 4.5458
B8: NEC vs Sparta Rotterdam / Correct Score | C8: Fulltbet | D8: 45990.794 | E8: 7.96 | F8: 0.045 | G8: =IF(E8>0,E8/(1-F8),E8) -> 8.3350785 | H8: OMQB | I8: 1x0 | J8: 13 | K8: 99.96 | L8: =INT(base[[#This Row],[Data de liquidação]]) -> 45990 | M8: =base[[#This Row],[L/P Bruto]]-base[[#This Row],[L/P Líquido]] -> 0.37507853 | N8: =base[[#This Row],[L/P Líquido]]/base[[#This Row],[Stake/Responsabilidade]] -> 0.079631853 | O8: =IF(base[[#This Row],[L/P Líquido]]>0,1,0) -> 1 | Q8: =LEFT(base[[#This Row],[Evento / Mercado]],FIND("vs",base[[#This Row],[Evento / Mercado]])-2) -> NEC | R8: =IF(ISNUMBER(FIND("/",base[[#This Row],[Evento / Mercado]])),MID(base[[#This Row],[Evento / Mercado]],FIND("vs",base[[#This Row],[Evento / Mercado]])+3,FIND("/",base[[#This Row],[Evento / Mercado]])-FIND("vs",base[[#This Row],[Evento / Mercado]])-4),RIGHT(base[[#This Row],[Evento / Mercado]],LEN(base[[#This Row],[Evento / Mercado]])-FIND("vs",base[[#This Row],[Evento / Mercado]])-2)) -> Sparta Rotterdam | S8: =LEFT(base[[#This Row],[Evento / Mercado]],FIND("/",base[[#This Row],[Evento / Mercado]])-2) -> NEC vs Sparta Rotterdam
B9: Gil Vicente vs Tondela / Correct Score | C9: Fulltbet | D9: 45990.813 | E9: -99.98 | F9: 0.045 | G9: =IF(E9>0,E9/(1-F9),E9) -> -99.98 | H9: OMQB | I9: 0x1 | J9: 16.5 | K9: 99.98 | L9: =INT(base[[#This Row],[Data de liquidação]]) -> 45990 | M9: =base[[#This Row],[L/P Bruto]]-base[[#This Row],[L/P Líquido]] -> 0 | N9: =base[[#This Row],[L/P Líquido]]/base[[#This Row],[Stake/Responsabilidade]] -> -1 | O9: =IF(base[[#This Row],[L/P Líquido]]>0,1,0) -> 0 | Q9: =LEFT(base[[#This Row],[Evento / Mercado]],FIND("vs",base[[#This Row],[Evento / Mercado]])-2) -> Gil Vicente | R9: =IF(ISNUMBER(FIND("/",base[[#This Row],[Evento / Mercado]])),MID(base[[#This Row],[Evento / Mercado]],FIND("vs",base[[#This Row],[Evento / Mercado]])+3,FIND("/",base[[#This Row],[Evento / Mercado]])-FIND("vs",base[[#This Row],[Evento / Mercado]])-4),RIGHT(base[[#This Row],[Evento / Mercado]],LEN(base[[#This Row],[Evento / Mercado]])-FIND("vs",base[[#This Row],[Evento / Mercado]])-2)) -> Tondela | S9: =LEFT(base[[#This Row],[Evento / Mercado]],FIND("/",base[[#This Row],[Evento / Mercado]])-2) -> Gil Vicente vs Tondela
B10: Universidad Católica del Ecuador vs Orense SC / Correct Score | C10: Fulltbet | D10: 45990.856 | E10: 4.35 | F10: 0.045 | G10: =IF(E10>0,E10/(1-F10),E10) -> 4.5549738 | H10: OMQB | I10: 0x1 | J10: 23 | K10: 100.1 | L10: =INT(base[[#This Row],[Data de liquidação]]) -> 45990 | M10: =base[[#This Row],[L/P Bruto]]-base[[#This Row],[L/P Líquido]] -> 0.20497382 | N10: =base[[#This Row],[L/P Líquido]]/base[[#This Row],[Stake/Responsabilidade]] -> 0.043456543 | O10: =IF(base[[#This Row],[L/P Líquido]]>0,1,0) -> 1 | Q10: =LEFT(base[[#This Row],[Evento / Mercado]],FIND("vs",base[[#This Row],[Evento / Mercado]])-2) -> Universidad Católica del Ecuador | R10: =IF(ISNUMBER(FIND("/",base[[#This Row],[Evento / Mercado]])),MID(base[[#This Row],[Evento / Mercado]],FIND("vs",base[[#This Row],[Evento / Mercado]])+3,FIND("/",base[[#This Row],[Evento / Mercado]])-FIND("vs",base[[#This Row],[Evento / Mercado]])-4),RIGHT(base[[#This Row],[Evento / Mercado]],LEN(base[[#This Row],[Evento / Mercado]])-FIND("vs",base[[#This Row],[Evento / Mercado]])-2)) -> Orense SC | S10: =LEFT(base[[#This Row],[Evento / Mercado]],FIND("/",base[[#This Row],[Evento / Mercado]])-2) -> Universidad Católica del Ecuador vs Orense SC
B11: Slavia Sofia vs PFC Dobrudzha Dobrich / Correct Score | C11: Fulltbet | D11: 45991.392 | E11: 6.13 | F11: 0.045 | G11: =IF(E11>0,E11/(1-F11),E11) -> 6.4188482 | H11: OMQB | I11: 0x1 | J11: 14 | K11: 100.23 | L11: =INT(base[[#This Row],[Data de liquidação]]) -> 45991 | M11: =base[[#This Row],[L/P Bruto]]-base[[#This Row],[L/P Líquido]] -> 0.28884817 | N11: =base[[#This Row],[L/P Líquido]]/base[[#This Row],[Stake/Responsabilidade]] -> 0.061159334 | O11: =IF(base[[#This Row],[L/P Líquido]]>0,1,0) -> 1 | Q11: =LEFT(base[[#This Row],[Evento / Mercado]],FIND("vs",base[[#This Row],[Evento / Mercado]])-2) -> Slavia Sofia | R11: =IF(ISNUMBER(FIND("/",base[[#This Row],[Evento / Mercado]])),MID(base[[#This Row],[Evento / Mercado]],FIND("vs",base[[#This Row],[Evento / Mercado]])+3,FIND("/",base[[#This Row],[Evento / Mercado]])-FIND("vs",base[[#This Row],[Evento / Mercado]])-4),RIGHT(base[[#This Row],[Evento / Mercado]],LEN(base[[#This Row],[Evento / Mercado]])-FIND("vs",base[[#This Row],[Evento / Mercado]])-2)) -> PFC Dobrudzha Dobrich | S11: =LEFT(base[[#This Row],[Evento / Mercado]],FIND("/",base[[#This Row],[Evento / Mercado]])-2) -> Slavia Sofia vs PFC Dobrudzha Dobrich
B12: UD Ibiza vs Algeciras / Correct Score | C12: Fulltbet | D12: 45991.424 | E12: 7.36 | F12: 0.045 | G12: =IF(E12>0,E12/(1-F12),E12) -> 7.7068063 | H12: OMQB | I12: 0x1 | J12: 14 | K12: 100.23 | L12: =INT(base[[#This Row],[Data de liquidação]]) -> 45991 | M12: =base[[#This Row],[L/P Bruto]]-base[[#This Row],[L/P Líquido]] -> 0.34680628 | N12: =base[[#This Row],[L/P Líquido]]/base[[#This Row],[Stake/Responsabilidade]] -> 0.073431108 | O12: =IF(base[[#This Row],[L/P Líquido]]>0,1,0) -> 1 | Q12: =LEFT(base[[#This Row],[Evento / Mercado]],FIND("vs",base[[#This Row],[Evento / Mercado]])-2) -> UD Ibiza | R12: =IF(ISNUMBER(FIND("/",base[[#This Row],[Evento / Mercado]])),MID(base[[#This Row],[Evento / Mercado]],FIND("vs",base[[#This Row],[Evento / Mercado]])+3,FIND("/",base[[#This Row],[Evento / Mercado]])-FIND("vs",base[[#This Row],[Evento / Mercado]])-4),RIGHT(base[[#This Row],[Evento / Mercado]],LEN(base[[#This Row],[Evento / Mercado]])-FIND("vs",base[[#This Row],[Evento / Mercado]])-2)) -> Algeciras | S12: =LEFT(base[[#This Row],[Evento / Mercado]],FIND("/",base[[#This Row],[Evento / Mercado]])-2) -> UD Ibiza vs Algeciras
B13: Bohemians 1905 vs FK Teplice / Correct Score | C13: Fulltbet | D13: 45991.458 | E13: -99.97 | F13: 0.045 | G13: =IF(E13>0,E13/(1-F13),E13) -> -99.97 | H13: OMQB | I13: 0x1 | J13: 14 | K13: 99.97 | L13: =INT(base[[#This Row],[Data de liquidação]]) -> 45991 | M13: =base[[#This Row],[L/P Bruto]]-base[[#This Row],[L/P Líquido]] -> 0 | N13: =base[[#This Row],[L/P Líquido]]/base[[#This Row],[Stake/Responsabilidade]] -> -1 | O13: =IF(base[[#This Row],[L/P Líquido]]>0,1,0) -> 0 | Q13: =LEFT(base[[#This Row],[Evento / Mercado]],FIND("vs",base[[#This Row],[Evento / Mercado]])-2) -> Bohemians 1905 | R13: =IF(ISNUMBER(FIND("/",base[[#This Row],[Evento / Mercado]])),MID(base[[#This Row],[Evento / Mercado]],FIND("vs",base[[#This Row],[Evento / Mercado]])+3,FIND("/",base[[#This Row],[Evento / Mercado]])-FIND("vs",base[[#This Row],[Evento / Mercado]])-4),RIGHT(base[[#This Row],[Evento / Mercado]],LEN(base[[#This Row],[Evento / Mercado]])-FIND("vs",base[[#This Row],[Evento / Mercado]])-2)) -> FK Teplice | S13: =LEFT(base[[#This Row],[Evento / Mercado]],FIND("/",base[[#This Row],[Evento / Mercado]])-2) -> Bohemians 1905 vs FK Teplice
B14: US Avranches vs Aubervilliers / Correct Score | C14: Fulltbet | D14: 45991.48 | E14: 13.64695 | F14: 0.045 | G14: =IF(E14>0,E14/(1-F14),E14) -> 14.29 | H14: OMQB | I14: 1x0 | J14: 8 | K14: 100.03 | L14: =INT(base[[#This Row],[Data de liquidação]]) -> 45991 | M14: =base[[#This Row],[L/P Bruto]]-base[[#This Row],[L/P Líquido]] -> 0.64305 | N14: =base[[#This Row],[L/P Líquido]]/base[[#This Row],[Stake/Responsabilidade]] -> 0.13642857 | O14: =IF(base[[#This Row],[L/P Líquido]]>0,1,0) -> 1 | Q14: =LEFT(base[[#This Row],[Evento / Mercado]],FIND("vs",base[[#This Row],[Evento / Mercado]])-2) -> US Avranches | R14: =IF(ISNUMBER(FIND("/",base[[#This Row],[Evento / Mercado]])),MID(base[[#This Row],[Evento / Mercado]],FIND("vs",base[[#This Row],[Evento / Mercado]])+3,FIND("/",base[[#This Row],[Evento / Mercado]])-FIND("vs",base[[#This Row],[Evento / Mercado]])-4),RIGHT(base[[#This Row],[Evento / Mercado]],LEN(base[[#This Row],[Evento / Mercado]])-FIND("vs",base[[#This Row],[Evento / Mercado]])-2)) -> Aubervilliers | S14: =LEFT(base[[#This Row],[Evento / Mercado]],FIND("/",base[[#This Row],[Evento / Mercado]])-2) -> US Avranches vs Aubervilliers | T14: 14.29 | U14: =T14*0.955 -> 13.64695
B15: US Avranches vs Aubervilliers / Correct Score | C15: Fulltbet | D15: 45991.48 | E15: 5.96875 | F15: 0.045 | G15: =IF(E15>0,E15/(1-F15),E15) -> 6.25 | H15: OMQB | I15: 0x1 | J15: 17 | K15: 100 | L15: =INT(base[[#This Row],[Data de liquidação]]) -> 45991 | M15: =base[[#This Row],[L/P Bruto]]-base[[#This Row],[L/P Líquido]] -> 0.28125 | N15: =base[[#This Row],[L/P Líquido]]/base[[#This Row],[Stake/Responsabilidade]] -> 0.0596875 | O15: =IF(base[[#This Row],[L/P Líquido]]>0,1,0) -> 1 | Q15: =LEFT(base[[#This Row],[Evento / Mercado]],FIND("vs",base[[#This Row],[Evento / Mercado]])-2) -> US Avranches | R15: =IF(ISNUMBER(FIND("/",base[[#This Row],[Evento / Mercado]])),MID(base[[#This Row],[Evento / Mercado]],FIND("vs",base[[#This Row],[Evento / Mercado]])+3,FIND("/",base[[#This Row],[Evento / Mercado]])-FIND("vs",base[[#This Row],[Evento / Mercado]])-4),RIGHT(base[[#This Row],[Evento / Mercado]],LEN(base[[#This Row],[Evento / Mercado]])-FIND("vs",base[[#This Row],[Evento / Mercado]])-2)) -> Aubervilliers | S15: =LEFT(base[[#This Row],[Evento / Mercado]],FIND("/",base[[#This Row],[Evento / Mercado]])-2) -> US Avranches vs Aubervilliers | T15: 6.25 | U15: =T15*0.955 -> 5.96875
B16: FC Yverdon-Sport vs Etoile-Carouge FC / Correct Score | C16: Fulltbet | D16: 45991.495 | E16: 4.78 | F16: 0.045 | G16: =IF(E16>0,E16/(1-F16),E16) -> 5.0052356 | H16: OMQB | I16: 0x1 | J16: 21 | K16: 100 | L16: =INT(base[[#This Row],[Data de liquidação]]) -> 45991 | M16: =base[[#This Row],[L/P Bruto]]-base[[#This Row],[L/P Líquido]] -> 0.2252356 | N16: =base[[#This Row],[L/P Líquido]]/base[[#This Row],[Stake/Responsabilidade]] -> 0.0478 | O16: =IF(base[[#This Row],[L/P Líquido]]>0,1,0) -> 1 | Q16: =LEFT(base[[#This Row],[Evento / Mercado]],FIND("vs",base[[#This Row],[Evento / Mercado]])-2) -> FC Yverdon-Sport | R16: =IF(ISNUMBER(FIND("/",base[[#This Row],[Evento / Mercado]])),MID(base[[#This Row],[Evento / Mercado]],FIND("vs",base[[#This Row],[Evento / Mercado]])+3,FIND("/",base[[#This Row],[Evento / Mercado]])-FIND("vs",base[[#This Row],[Evento / Mercado]])-4),RIGHT(base[[#This Row],[Evento / Mercado]],LEN(base[[#This Row],[Evento / Mercado]])-FIND("vs",base[[#This Row],[Evento / Mercado]])-2)) -> Etoile-Carouge FC | S16: =LEFT(base[[#This Row],[Evento / Mercado]],FIND("/",base[[#This Row],[Evento / Mercado]])-2) -> FC Yverdon-Sport vs Etoile-Carouge FC
B17: Trapani vs S.S. Monopoli 1966 / Correct Score | C17: Fulltbet | D17: 45991.519 | E17: 8.31 | F17: 0.045 | G17: =IF(E17>0,E17/(1-F17),E17) -> 8.7015707 | H17: OMQB | I17: 0x1 | J17: 12.5 | K17: 100.05 | L17: =INT(base[[#This Row],[Data de liquidação]]) -> 45991 | M17: =base[[#This Row],[L/P Bruto]]-base[[#This Row],[L/P Líquido]] -> 0.39157068 | N17: =base[[#This Row],[L/P Líquido]]/base[[#This Row],[Stake/Responsabilidade]] -> 0.083058471 | O17: =IF(base[[#This Row],[L/P Líquido]]>0,1,0) -> 1 | Q17: =LEFT(base[[#This Row],[Evento / Mercado]],FIND("vs",base[[#This Row],[Evento / Mercado]])-2) -> Trapani | R17: =IF(ISNUMBER(FIND("/",base[[#This Row],[Evento / Mercado]])),MID(base[[#This Row],[Evento / Mercado]],FIND("vs",base[[#This Row],[Evento / Mercado]])+3,FIND("/",base[[#This Row],[Evento / Mercado]])-FIND("vs",base[[#This Row],[Evento / Mercado]])-4),RIGHT(base[[#This Row],[Evento / Mercado]],LEN(base[[#This Row],[Evento / Mercado]])-FIND("vs",base[[#This Row],[Evento / Mercado]])-2)) -> S.S. Monopoli 1966 | S17: =LEFT(base[[#This Row],[Evento / Mercado]],FIND("/",base[[#This Row],[Evento / Mercado]])-2) -> Trapani vs S.S. Monopoli 1966
B18: Rangers vs Falkirk / Correct Score | C18: Fulltbet | D18: 45991.536 | E18: 13.64695 | F18: 0.045 | G18: =IF(E18>0,E18/(1-F18),E18) -> 14.29 | H18: OMQB | I18: 0x1 | J18: 23 | K18: 100.1 | L18: =INT(base[[#This Row],[Data de liquidação]]) -> 45991 | M18: =base[[#This Row],[L/P Bruto]]-base[[#This Row],[L/P Líquido]] -> 0.64305 | N18: =base[[#This Row],[L/P Líquido]]/base[[#This Row],[Stake/Responsabilidade]] -> 0.13633317 | O18: =IF(base[[#This Row],[L/P Líquido]]>0,1,0) -> 1 | Q18: =LEFT(base[[#This Row],[Evento / Mercado]],FIND("vs",base[[#This Row],[Evento / Mercado]])-2) -> Rangers | R18: =IF(ISNUMBER(FIND("/",base[[#This Row],[Evento / Mercado]])),MID(base[[#This Row],[Evento / Mercado]],FIND("vs",base[[#This Row],[Evento / Mercado]])+3,FIND("/",base[[#This Row],[Evento / Mercado]])-FIND("vs",base[[#This Row],[Evento / Mercado]])-4),RIGHT(base[[#This Row],[Evento / Mercado]],LEN(base[[#This Row],[Evento / Mercado]])-FIND("vs",base[[#This Row],[Evento / Mercado]])-2)) -> Falkirk | S18: =LEFT(base[[#This Row],[Evento / Mercado]],FIND("/",base[[#This Row],[Evento / Mercado]])-2) -> Rangers vs Falkirk | T18: 14.29 | U18: =T18*0.955 -> 13.64695
B19: Rangers vs Falkirk / Correct Score | C19: Fulltbet | D19: 45991.536 | E19: 5.96875 | F19: 0.045 | G19: =IF(E19>0,E19/(1-F19),E19) -> 6.25 | H19: OMQB | I19: 1x0 | J19: 10 | K19: 99.99 | L19: =INT(base[[#This Row],[Data de liquidação]]) -> 45991 | M19: =base[[#This Row],[L/P Bruto]]-base[[#This Row],[L/P Líquido]] -> 0.28125 | N19: =base[[#This Row],[L/P Líquido]]/base[[#This Row],[Stake/Responsabilidade]] -> 0.059693469 | O19: =IF(base[[#This Row],[L/P Líquido]]>0,1,0) -> 1 | Q19: =LEFT(base[[#This Row],[Evento / Mercado]],FIND("vs",base[[#This Row],[Evento / Mercado]])-2) -> Rangers | R19: =IF(ISNUMBER(FIND("/",base[[#This Row],[Evento / Mercado]])),MID(base[[#This Row],[Evento / Mercado]],FIND("vs",base[[#This Row],[Evento / Mercado]])+3,FIND("/",base[[#This Row],[Evento / Mercado]])-FIND("vs",base[[#This Row],[Evento / Mercado]])-4),RIGHT(base[[#This Row],[Evento / Mercado]],LEN(base[[#This Row],[Evento / Mercado]])-FIND("vs",base[[#This Row],[Evento / Mercado]])-2)) -> Falkirk | S19: =LEFT(base[[#This Row],[Evento / Mercado]],FIND("/",base[[#This Row],[Evento / Mercado]])-2) -> Rangers vs Falkirk | T19: 6.25 | U19: =T19*0.955 -> 5.96875
B20: RC Strasbourg vs Stade Brestois 29 / Correct Score | C20: Fulltbet | D20: 45991.538 | E20: 10.06 | F20: 0.045 | G20: =IF(E20>0,E20/(1-F20),E20) -> 10.534031 | H20: OMQB | I20: 1x0 | J20: 10.5 | K20: 100.04 | L20: =INT(base[[#This Row],[Data de liquidação]]) -> 45991 | M20: =base[[#This Row],[L/P Bruto]]-base[[#This Row],[L/P Líquido]] -> 0.47403141 | N20: =base[[#This Row],[L/P Líquido]]/base[[#This Row],[Stake/Responsabilidade]] -> 0.10055978 | O20: =IF(base[[#This Row],[L/P Líquido]]>0,1,0) -> 1 | Q20: =LEFT(base[[#This Row],[Evento / Mercado]],FIND("vs",base[[#This Row],[Evento / Mercado]])-2) -> RC Strasbourg | R20: =IF(ISNUMBER(FIND("/",base[[#This Row],[Evento / Mercado]])),MID(base[[#This Row],[Evento / Mercado]],FIND("vs",base[[#This Row],[Evento / Mercado]])+3,FIND("/",base[[#This Row],[Evento / Mercado]])-FIND("vs",base[[#This Row],[Evento / Mercado]])-4),RIGHT(base[[#This Row],[Evento / Mercado]],LEN(base[[#This Row],[Evento / Mercado]])-FIND("vs",base[[#This Row],[Evento / Mercado]])-2)) -> Stade Brestois 29 | S20: =LEFT(base[[#This Row],[Evento / Mercado]],FIND("/",base[[#This Row],[Evento / Mercado]])-2) -> RC Strasbourg vs Stade Brestois 29
B21: Aston Villa vs Wolverhampton Wanderers / Correct Score | C21: Fulltbet | D21: 45991.544 | E21: 4.35 | F21: 0.045 | G21: =IF(E21>0,E21/(1-F21),E21) -> 4.5549738 | H21: OMQB | I21: 0x1 | J21: 23 | K21: 100.1 | L21: =INT(base[[#This Row],[Data de liquidação]]) -> 45991 | M21: =base[[#This Row],[L/P Bruto]]-base[[#This Row],[L/P Líquido]] -> 0.20497382 | N21: =base[[#This Row],[L/P Líquido]]/base[[#This Row],[Stake/Responsabilidade]] -> 0.043456543 | O21: =IF(base[[#This Row],[L/P Líquido]]>0,1,0) -> 1 | Q21: =LEFT(base[[#This Row],[Evento / Mercado]],FIND("vs",base[[#This Row],[Evento / Mercado]])-2) -> Aston Villa | R21: =IF(ISNUMBER(FIND("/",base[[#This Row],[Evento / Mercado]])),MID(base[[#This Row],[Evento / Mercado]],FIND("vs",base[[#This Row],[Evento / Mercado]])+3,FIND("/",base[[#This Row],[Evento / Mercado]])-FIND("vs",base[[#This Row],[Evento / Mercado]])-4),RIGHT(base[[#This Row],[Evento / Mercado]],LEN(base[[#This Row],[Evento / Mercado]])-FIND("vs",base[[#This Row],[Evento / Mercado]])-2)) -> Wolverhampton Wanderers | S21: =LEFT(base[[#This Row],[Evento / Mercado]],FIND("/",base[[#This Row],[Evento / Mercado]])-2) -> Aston Villa vs Wolverhampton Wanderers
B22: Slovan Bratislava vs MFK Zemplín Michalovce / Correct Score | C22: Fulltbet | D22: 45991.559 | E22: 6.82 | F22: 0.045 | G22: =IF(E22>0,E22/(1-F22),E22) -> 7.1413613 | H22: OMQB | I22: 1x0 | J22: 15 | K22: 99.96 | L22: =INT(base[[#This Row],[Data de liquidação]]) -> 45991 | M22: =base[[#This Row],[L/P Bruto]]-base[[#This Row],[L/P Líquido]] -> 0.32136126 | N22: =base[[#This Row],[L/P Líquido]]/base[[#This Row],[Stake/Responsabilidade]] -> 0.068227291 | O22: =IF(base[[#This Row],[L/P Líquido]]>0,1,0) -> 1 | Q22: =LEFT(base[[#This Row],[Evento / Mercado]],FIND("vs",base[[#This Row],[Evento / Mercado]])-2) -> Slovan Bratislava | R22: =IF(ISNUMBER(FIND("/",base[[#This Row],[Evento / Mercado]])),MID(base[[#This Row],[Evento / Mercado]],FIND("vs",base[[#This Row],[Evento / Mercado]])+3,FIND("/",base[[#This Row],[Evento / Mercado]])-FIND("vs",base[[#This Row],[Evento / Mercado]])-4),RIGHT(base[[#This Row],[Evento / Mercado]],LEN(base[[#This Row],[Evento / Mercado]])-FIND("vs",base[[#This Row],[Evento / Mercado]])-2)) -> MFK Zemplín Michalovce | S22: =LEFT(base[[#This Row],[Evento / Mercado]],FIND("/",base[[#This Row],[Evento / Mercado]])-2) -> Slovan Bratislava vs MFK Zemplín Michalovce
B23: FC Slovan Liberec vs SK Sigma Olomouc / Correct Score | C23: Fulltbet | D23: 45991.559 | E23: 7.64 | F23: 0.045 | G23: =IF(E23>0,E23/(1-F23),E23) -> 8 | H23: OMQB | I23: 0x1 | J23: 13.5 | K23: 100 | L23: =INT(base[[#This Row],[Data de liquidação]]) -> 45991 | M23: =base[[#This Row],[L/P Bruto]]-base[[#This Row],[L/P Líquido]] -> 0.36 | N23: =base[[#This Row],[L/P Líquido]]/base[[#This Row],[Stake/Responsabilidade]] -> 0.0764 | O23: =IF(base[[#This Row],[L/P Líquido]]>0,1,0) -> 1 | Q23: =LEFT(base[[#This Row],[Evento / Mercado]],FIND("vs",base[[#This Row],[Evento / Mercado]])-2) -> FC Slovan Liberec | R23: =IF(ISNUMBER(FIND("/",base[[#This Row],[Evento / Mercado]])),MID(base[[#This Row],[Evento / Mercado]],FIND("vs",base[[#This Row],[Evento / Mercado]])+3,FIND("/",base[[#This Row],[Evento / Mercado]])-FIND("vs",base[[#This Row],[Evento / Mercado]])-4),RIGHT(base[[#This Row],[Evento / Mercado]],LEN(base[[#This Row],[Evento / Mercado]])-FIND("vs",base[[#This Row],[Evento / Mercado]])-2)) -> SK Sigma Olomouc | S23: =LEFT(base[[#This Row],[Evento / Mercado]],FIND("/",base[[#This Row],[Evento / Mercado]])-2) -> FC Slovan Liberec vs SK Sigma Olomouc
B24: FC Midtjylland vs FC Nordsjælland / Correct Score | C24: Fulltbet | D24: 45991.579 | E24: 7.08 | F24: 0.045 | G24: =IF(E24>0,E24/(1-F24),E24) -> 7.4136126 | H24: OMQB | I24: 1x0 | J24: 14.5 | K24: 100.04 | L24: =INT(base[[#This Row],[Data de liquidação]]) -> 45991 | M24: =base[[#This Row],[L/P Bruto]]-base[[#This Row],[L/P Líquido]] -> 0.33361257 | N24: =base[[#This Row],[L/P Líquido]]/base[[#This Row],[Stake/Responsabilidade]] -> 0.070771691 | O24: =IF(base[[#This Row],[L/P Líquido]]>0,1,0) -> 1 | Q24: =LEFT(base[[#This Row],[Evento / Mercado]],FIND("vs",base[[#This Row],[Evento / Mercado]])-2) -> FC Midtjylland | R24: =IF(ISNUMBER(FIND("/",base[[#This Row],[Evento / Mercado]])),MID(base[[#This Row],[Evento / Mercado]],FIND("vs",base[[#This Row],[Evento / Mercado]])+3,FIND("/",base[[#This Row],[Evento / Mercado]])-FIND("vs",base[[#This Row],[Evento / Mercado]])-4),RIGHT(base[[#This Row],[Evento / Mercado]],LEN(base[[#This Row],[Evento / Mercado]])-FIND("vs",base[[#This Row],[Evento / Mercado]])-2)) -> FC Nordsjælland | S24: =LEFT(base[[#This Row],[Evento / Mercado]],FIND("/",base[[#This Row],[Evento / Mercado]])-2) -> FC Midtjylland vs FC Nordsjælland
B25: Racing Genk vs Oud-Heverlee Leuven / Correct Score | C25: Fulltbet | D25: 45991.579 | E25: 5.0233 | F25: 0.045 | G25: =IF(E25>0,E25/(1-F25),E25) -> 5.26 | H25: OMQB | I25: 0x1 | J25: 20 | K25: 99.94 | L25: =INT(base[[#This Row],[Data de liquidação]]) -> 45991 | M25: =base[[#This Row],[L/P Bruto]]-base[[#This Row],[L/P Líquido]] -> 0.2367 | N25: =base[[#This Row],[L/P Líquido]]/base[[#This Row],[Stake/Responsabilidade]] -> 0.050263158 | O25: =IF(base[[#This Row],[L/P Líquido]]>0,1,0) -> 1 | Q25: =LEFT(base[[#This Row],[Evento / Mercado]],FIND("vs",base[[#This Row],[Evento / Mercado]])-2) -> Racing Genk | R25: =IF(ISNUMBER(FIND("/",base[[#This Row],[Evento / Mercado]])),MID(base[[#This Row],[Evento / Mercado]],FIND("vs",base[[#This Row],[Evento / Mercado]])+3,FIND("/",base[[#This Row],[Evento / Mercado]])-FIND("vs",base[[#This Row],[Evento / Mercado]])-4),RIGHT(base[[#This Row],[Evento / Mercado]],LEN(base[[#This Row],[Evento / Mercado]])-FIND("vs",base[[#This Row],[Evento / Mercado]])-2)) -> Oud-Heverlee Leuven | S25: =LEFT(base[[#This Row],[Evento / Mercado]],FIND("/",base[[#This Row],[Evento / Mercado]])-2) -> Racing Genk vs Oud-Heverlee Leuven | T25: 5.26 | U25: =T25*0.955 -> 5.0233
B26: Racing Genk vs Oud-Heverlee Leuven / Correct Score | C26: Fulltbet | D26: 45991.579 | E26: 13.0071 | F26: 0.045 | G26: =IF(E26>0,E26/(1-F26),E26) -> 13.62 | H26: OMQB | I26: 1x0 | J26: 8.4 | K26: 100.79 | L26: =INT(base[[#This Row],[Data de liquidação]]) -> 45991 | M26: =base[[#This Row],[L/P Bruto]]-base[[#This Row],[L/P Líquido]] -> 0.6129 | N26: =base[[#This Row],[L/P Líquido]]/base[[#This Row],[Stake/Responsabilidade]] -> 0.12905149 | O26: =IF(base[[#This Row],[L/P Líquido]]>0,1,0) -> 1 | Q26: =LEFT(base[[#This Row],[Evento / Mercado]],FIND("vs",base[[#This Row],[Evento / Mercado]])-2) -> Racing Genk | R26: =IF(ISNUMBER(FIND("/",base[[#This Row],[Evento / Mercado]])),MID(base[[#This Row],[Evento / Mercado]],FIND("vs",base[[#This Row],[Evento / Mercado]])+3,FIND("/",base[[#This Row],[Evento / Mercado]])-FIND("vs",base[[#This Row],[Evento / Mercado]])-4),RIGHT(base[[#This Row],[Evento / Mercado]],LEN(base[[#This Row],[Evento / Mercado]])-FIND("vs",base[[#This Row],[Evento / Mercado]])-2)) -> Oud-Heverlee Leuven | S26: =LEFT(base[[#This Row],[Evento / Mercado]],FIND("/",base[[#This Row],[Evento / Mercado]])-2) -> Racing Genk vs Oud-Heverlee Leuven | T26: 13.62 | U26: =T26*0.955 -> 13.0071
B27: FC Basel vs FC St. Gallen / Correct Score | C27: Fulltbet | D27: 45991.602 | E27: 7.34 | F27: 0.045 | G27: =IF(E27>0,E27/(1-F27),E27) -> 7.6858639 | H27: OMQB | I27: 1x0 | J27: 14 | K27: 99.97 | L27: =INT(base[[#This Row],[Data de liquidação]]) -> 45991 | M27: =base[[#This Row],[L/P Bruto]]-base[[#This Row],[L/P Líquido]] -> 0.34586387 | N27: =base[[#This Row],[L/P Líquido]]/base[[#This Row],[Stake/Responsabilidade]] -> 0.073422027 | O27: =IF(base[[#This Row],[L/P Líquido]]>0,1,0) -> 1 | Q27: =LEFT(base[[#This Row],[Evento / Mercado]],FIND("vs",base[[#This Row],[Evento / Mercado]])-2) -> FC Basel | R27: =IF(ISNUMBER(FIND("/",base[[#This Row],[Evento / Mercado]])),MID(base[[#This Row],[Evento / Mercado]],FIND("vs",base[[#This Row],[Evento / Mercado]])+3,FIND("/",base[[#This Row],[Evento / Mercado]])-FIND("vs",base[[#This Row],[Evento / Mercado]])-4),RIGHT(base[[#This Row],[Evento / Mercado]],LEN(base[[#This Row],[Evento / Mercado]])-FIND("vs",base[[#This Row],[Evento / Mercado]])-2)) -> FC St. Gallen | S27: =LEFT(base[[#This Row],[Evento / Mercado]],FIND("/",base[[#This Row],[Evento / Mercado]])-2) -> FC Basel vs FC St. Gallen
B28: De Graafschap vs FC Eindhoven / Correct Score | C28: Fulltbet | D28: 45991.612 | E28: 7.08 | F28: 0.045 | G28: =IF(E28>0,E28/(1-F28),E28) -> 7.4136126 | H28: OMQB | I28: 1x0 | J28: 14.5 | K28: 100.04 | L28: =INT(base[[#This Row],[Data de liquidação]]) -> 45991 | M28: =base[[#This Row],[L/P Bruto]]-base[[#This Row],[L/P Líquido]] -> 0.33361257 | N28: =base[[#This Row],[L/P Líquido]]/base[[#This Row],[Stake/Responsabilidade]] -> 0.070771691 | O28: =IF(base[[#This Row],[L/P Líquido]]>0,1,0) -> 1 | Q28: =LEFT(base[[#This Row],[Evento / Mercado]],FIND("vs",base[[#This Row],[Evento / Mercado]])-2) -> De Graafschap | R28: =IF(ISNUMBER(FIND("/",base[[#This Row],[Evento / Mercado]])),MID(base[[#This Row],[Evento / Mercado]],FIND("vs",base[[#This Row],[Evento / Mercado]])+3,FIND("/",base[[#This Row],[Evento / Mercado]])-FIND("vs",base[[#This Row],[Evento / Mercado]])-4),RIGHT(base[[#This Row],[Evento / Mercado]],LEN(base[[#This Row],[Evento / Mercado]])-FIND("vs",base[[#This Row],[Evento / Mercado]])-2)) -> FC Eindhoven | S28: =LEFT(base[[#This Row],[Evento / Mercado]],FIND("/",base[[#This Row],[Evento / Mercado]])-2) -> De Graafschap vs FC Eindhoven
B29: NK Celje vs FC Koper / Correct Score | C29: Fulltbet | D29: 45991.646 | E29: 10.06 | F29: 0.045 | G29: =IF(E29>0,E29/(1-F29),E29) -> 10.534031 | H29: OMQB | I29: 1x0 | J29: 10.5 | K29: 100.04 | L29: =INT(base[[#This Row],[Data de liquidação]]) -> 45991 | M29: =base[[#This Row],[L/P Bruto]]-base[[#This Row],[L/P Líquido]] -> 0.47403141 | N29: =base[[#This Row],[L/P Líquido]]/base[[#This Row],[Stake/Responsabilidade]] -> 0.10055978 | O29: =IF(base[[#This Row],[L/P Líquido]]>0,1,0) -> 1 | Q29: =LEFT(base[[#This Row],[Evento / Mercado]],FIND("vs",base[[#This Row],[Evento / Mercado]])-2) -> NK Celje | R29: =IF(ISNUMBER(FIND("/",base[[#This Row],[Evento / Mercado]])),MID(base[[#This Row],[Evento / Mercado]],FIND("vs",base[[#This Row],[Evento / Mercado]])+3,FIND("/",base[[#This Row],[Evento / Mercado]])-FIND("vs",base[[#This Row],[Evento / Mercado]])-4),RIGHT(base[[#This Row],[Evento / Mercado]],LEN(base[[#This Row],[Evento / Mercado]])-FIND("vs",base[[#This Row],[Evento / Mercado]])-2)) -> FC Koper | S29: =LEFT(base[[#This Row],[Evento / Mercado]],FIND("/",base[[#This Row],[Evento / Mercado]])-2) -> NK Celje vs FC Koper
B30: Atalanta vs Fiorentina / Correct Score | C30: Fulltbet | D30: 45991.661 | E30: 11.10665 | F30: 0.045 | G30: =IF(E30>0,E30/(1-F30),E30) -> 11.63 | H30: OMQB | I30: 1x0 | J30: 9.6 | K30: 100.02 | L30: =INT(base[[#This Row],[Data de liquidação]]) -> 45991 | M30: =base[[#This Row],[L/P Bruto]]-base[[#This Row],[L/P Líquido]] -> 0.52335 | N30: =base[[#This Row],[L/P Líquido]]/base[[#This Row],[Stake/Responsabilidade]] -> 0.11104429 | O30: =IF(base[[#This Row],[L/P Líquido]]>0,1,0) -> 1 | Q30: =LEFT(base[[#This Row],[Evento / Mercado]],FIND("vs",base[[#This Row],[Evento / Mercado]])-2) -> Atalanta | R30: =IF(ISNUMBER(FIND("/",base[[#This Row],[Evento / Mercado]])),MID(base[[#This Row],[Evento / Mercado]],FIND("vs",base[[#This Row],[Evento / Mercado]])+3,FIND("/",base[[#This Row],[Evento / Mercado]])-FIND("vs",base[[#This Row],[Evento / Mercado]])-4),RIGHT(base[[#This Row],[Evento / Mercado]],LEN(base[[#This Row],[Evento / Mercado]])-FIND("vs",base[[#This Row],[Evento / Mercado]])-2)) -> Fiorentina | S30: =LEFT(base[[#This Row],[Evento / Mercado]],FIND("/",base[[#This Row],[Evento / Mercado]])-2) -> Atalanta vs Fiorentina | T30: 11.63 | U30: =T30*0.955 -> 11.10665
B31: Atalanta vs Fiorentina / Correct Score | C31: Fulltbet | D31: 45991.661 | E31: 5.45305 | F31: 0.045 | G31: =IF(E31>0,E31/(1-F31),E31) -> 5.71 | H31: OMQB | I31: 0x1 | J31: 18.15 | K31: 97.92 | L31: =INT(base[[#This Row],[Data de liquidação]]) -> 45991 | M31: =base[[#This Row],[L/P Bruto]]-base[[#This Row],[L/P Líquido]] -> 0.25695 | N31: =base[[#This Row],[L/P Líquido]]/base[[#This Row],[Stake/Responsabilidade]] -> 0.055688828 | O31: =IF(base[[#This Row],[L/P Líquido]]>0,1,0) -> 1 | Q31: =LEFT(base[[#This Row],[Evento / Mercado]],FIND("vs",base[[#This Row],[Evento / Mercado]])-2) -> Atalanta | R31: =IF(ISNUMBER(FIND("/",base[[#This Row],[Evento / Mercado]])),MID(base[[#This Row],[Evento / Mercado]],FIND("vs",base[[#This Row],[Evento / Mercado]])+3,FIND("/",base[[#This Row],[Evento / Mercado]])-FIND("vs",base[[#This Row],[Evento / Mercado]])-4),RIGHT(base[[#This Row],[Evento / Mercado]],LEN(base[[#This Row],[Evento / Mercado]])-FIND("vs",base[[#This Row],[Evento / Mercado]])-2)) -> Fiorentina | S31: =LEFT(base[[#This Row],[Evento / Mercado]],FIND("/",base[[#This Row],[Evento / Mercado]])-2) -> Atalanta vs Fiorentina | T31: 5.71 | U31: =T31*0.955 -> 5.45305
B32: AC Sparta Praha vs FK Pardubice / Correct Score | C32: Fulltbet | D32: 45991.686 | E32: 5.31 | F32: 0.045 | G32: =IF(E32>0,E32/(1-F32),E32) -> 5.5602094 | H32: OMQB | I32: 0x1 | J32: 19 | K32: 100.08 | L32: =INT(base[[#This Row],[Data de liquidação]]) -> 45991 | M32: =base[[#This Row],[L/P Bruto]]-base[[#This Row],[L/P Líquido]] -> 0.25020942 | N32: =base[[#This Row],[L/P Líquido]]/base[[#This Row],[Stake/Responsabilidade]] -> 0.053057554 | O32: =IF(base[[#This Row],[L/P Líquido]]>0,1,0) -> 1 | Q32: =LEFT(base[[#This Row],[Evento / Mercado]],FIND("vs",base[[#This Row],[Evento / Mercado]])-2) -> AC Sparta Praha | R32: =IF(ISNUMBER(FIND("/",base[[#This Row],[Evento / Mercado]])),MID(base[[#This Row],[Evento / Mercado]],FIND("vs",base[[#This Row],[Evento / Mercado]])+3,FIND("/",base[[#This Row],[Evento / Mercado]])-FIND("vs",base[[#This Row],[Evento / Mercado]])-4),RIGHT(base[[#This Row],[Evento / Mercado]],LEN(base[[#This Row],[Evento / Mercado]])-FIND("vs",base[[#This Row],[Evento / Mercado]])-2)) -> FK Pardubice | S32: =LEFT(base[[#This Row],[Evento / Mercado]],FIND("/",base[[#This Row],[Evento / Mercado]])-2) -> AC Sparta Praha vs FK Pardubice
B33: SC Freiburg vs 1. FSV Mainz 05 / Correct Score | C33: Fulltbet | D33: 45991.725 | E33: 6.16 | F33: 0.045 | G33: =IF(E33>0,E33/(1-F33),E33) -> 6.4502618 | H33: OMQB | I33: 0x1 | J33: 16.5 | K33: 99.98 | L33: =INT(base[[#This Row],[Data de liquidação]]) -> 45991 | M33: =base[[#This Row],[L/P Bruto]]-base[[#This Row],[L/P Líquido]] -> 0.29026178 | N33: =base[[#This Row],[L/P Líquido]]/base[[#This Row],[Stake/Responsabilidade]] -> 0.061612322 | O33: =IF(base[[#This Row],[L/P Líquido]]>0,1,0) -> 1 | Q33: =LEFT(base[[#This Row],[Evento / Mercado]],FIND("vs",base[[#This Row],[Evento / Mercado]])-2) -> SC Freiburg | R33: =IF(ISNUMBER(FIND("/",base[[#This Row],[Evento / Mercado]])),MID(base[[#This Row],[Evento / Mercado]],FIND("vs",base[[#This Row],[Evento / Mercado]])+3,FIND("/",base[[#This Row],[Evento / Mercado]])-FIND("vs",base[[#This Row],[Evento / Mercado]])-4),RIGHT(base[[#This Row],[Evento / Mercado]],LEN(base[[#This Row],[Evento / Mercado]])-FIND("vs",base[[#This Row],[Evento / Mercado]])-2)) -> 1. FSV Mainz 05 | S33: =LEFT(base[[#This Row],[Evento / Mercado]],FIND("/",base[[#This Row],[Evento / Mercado]])-2) -> SC Freiburg vs 1. FSV Mainz 05
B34: VfB Stuttgart II vs TSV Havelse / Correct Score | C34: Fulltbet | D34: 45991.725 | E34: 7.34 | F34: 0.045 | G34: =IF(E34>0,E34/(1-F34),E34) -> 7.6858639 | H34: OMQB | I34: 1x0 | J34: 14 | K34: 99.97 | L34: =INT(base[[#This Row],[Data de liquidação]]) -> 45991 | M34: =base[[#This Row],[L/P Bruto]]-base[[#This Row],[L/P Líquido]] -> 0.34586387 | N34: =base[[#This Row],[L/P Líquido]]/base[[#This Row],[Stake/Responsabilidade]] -> 0.073422027 | O34: =IF(base[[#This Row],[L/P Líquido]]>0,1,0) -> 1 | Q34: =LEFT(base[[#This Row],[Evento / Mercado]],FIND("vs",base[[#This Row],[Evento / Mercado]])-2) -> VfB Stuttgart II | R34: =IF(ISNUMBER(FIND("/",base[[#This Row],[Evento / Mercado]])),MID(base[[#This Row],[Evento / Mercado]],FIND("vs",base[[#This Row],[Evento / Mercado]])+3,FIND("/",base[[#This Row],[Evento / Mercado]])-FIND("vs",base[[#This Row],[Evento / Mercado]])-4),RIGHT(base[[#This Row],[Evento / Mercado]],LEN(base[[#This Row],[Evento / Mercado]])-FIND("vs",base[[#This Row],[Evento / Mercado]])-2)) -> TSV Havelse | S34: =LEFT(base[[#This Row],[Evento / Mercado]],FIND("/",base[[#This Row],[Evento / Mercado]])-2) -> VfB Stuttgart II vs TSV Havelse
B35: Oriente Petrolero vs Blooming Santa Cruz / Correct Score | C35: Fulltbet | D35: 45991.754 | E35: 5.31 | F35: 0.045 | G35: =IF(E35>0,E35/(1-F35),E35) -> 5.5602094 | H35: OMQB | I35: 0x1 | J35: 19 | K35: 100.08 | L35: =INT(base[[#This Row],[Data de liquidação]]) -> 45991 | M35: =base[[#This Row],[L/P Bruto]]-base[[#This Row],[L/P Líquido]] -> 0.25020942 | N35: =base[[#This Row],[L/P Líquido]]/base[[#This Row],[Stake/Responsabilidade]] -> 0.053057554 | O35: =IF(base[[#This Row],[L/P Líquido]]>0,1,0) -> 1 | Q35: =LEFT(base[[#This Row],[Evento / Mercado]],FIND("vs",base[[#This Row],[Evento / Mercado]])-2) -> Oriente Petrolero | R35: =IF(ISNUMBER(FIND("/",base[[#This Row],[Evento / Mercado]])),MID(base[[#This Row],[Evento / Mercado]],FIND("vs",base[[#This Row],[Evento / Mercado]])+3,FIND("/",base[[#This Row],[Evento / Mercado]])-FIND("vs",base[[#This Row],[Evento / Mercado]])-4),RIGHT(base[[#This Row],[Evento / Mercado]],LEN(base[[#This Row],[Evento / Mercado]])-FIND("vs",base[[#This Row],[Evento / Mercado]])-2)) -> Blooming Santa Cruz | S35: =LEFT(base[[#This Row],[Evento / Mercado]],FIND("/",base[[#This Row],[Evento / Mercado]])-2) -> Oriente Petrolero vs Blooming Santa Cruz
B36: Olympique Lyonnais vs FC Nantes / Correct Score | C36: Fulltbet | D36: 45991.78 | E36: 5.02 | F36: 0.045 | G36: =IF(E36>0,E36/(1-F36),E36) -> 5.2565445 | H36: OMQB | I36: 0x1 | J36: 20 | K36: 99.94 | L36: =INT(base[[#This Row],[Data de liquidação]]) -> 45991 | M36: =base[[#This Row],[L/P Bruto]]-base[[#This Row],[L/P Líquido]] -> 0.2365445 | N36: =base[[#This Row],[L/P Líquido]]/base[[#This Row],[Stake/Responsabilidade]] -> 0.050230138 | O36: =IF(base[[#This Row],[L/P Líquido]]>0,1,0) -> 1 | Q36: =LEFT(base[[#This Row],[Evento / Mercado]],FIND("vs",base[[#This Row],[Evento / Mercado]])-2) -> Olympique Lyonnais | R36: =IF(ISNUMBER(FIND("/",base[[#This Row],[Evento / Mercado]])),MID(base[[#This Row],[Evento / Mercado]],FIND("vs",base[[#This Row],[Evento / Mercado]])+3,FIND("/",base[[#This Row],[Evento / Mercado]])-FIND("vs",base[[#This Row],[Evento / Mercado]])-4),RIGHT(base[[#This Row],[Evento / Mercado]],LEN(base[[#This Row],[Evento / Mercado]])-FIND("vs",base[[#This Row],[Evento / Mercado]])-2)) -> FC Nantes | S36: =LEFT(base[[#This Row],[Evento / Mercado]],FIND("/",base[[#This Row],[Evento / Mercado]])-2) -> Olympique Lyonnais vs FC Nantes
B37: Deportivo Macara vs El Nacional / Correct Score | C37: Fulltbet | D37: 45991.812 | E37: 4.55 | F37: 0.045 | G37: =IF(E37>0,E37/(1-F37),E37) -> 4.7643979 | H37: OMQB | I37: 0x1 | J37: 22 | K37: 99.96 | L37: =INT(base[[#This Row],[Data de liquidação]]) -> 45991 | M37: =base[[#This Row],[L/P Bruto]]-base[[#This Row],[L/P Líquido]] -> 0.21439791 | N37: =base[[#This Row],[L/P Líquido]]/base[[#This Row],[Stake/Responsabilidade]] -> 0.045518207 | O37: =IF(base[[#This Row],[L/P Líquido]]>0,1,0) -> 1 | Q37: =LEFT(base[[#This Row],[Evento / Mercado]],FIND("vs",base[[#This Row],[Evento / Mercado]])-2) -> Deportivo Macara | R37: =IF(ISNUMBER(FIND("/",base[[#This Row],[Evento / Mercado]])),MID(base[[#This Row],[Evento / Mercado]],FIND("vs",base[[#This Row],[Evento / Mercado]])+3,FIND("/",base[[#This Row],[Evento / Mercado]])-FIND("vs",base[[#This Row],[Evento / Mercado]])-4),RIGHT(base[[#This Row],[Evento / Mercado]],LEN(base[[#This Row],[Evento / Mercado]])-FIND("vs",base[[#This Row],[Evento / Mercado]])-2)) -> El Nacional | S37: =LEFT(base[[#This Row],[Evento / Mercado]],FIND("/",base[[#This Row],[Evento / Mercado]])-2) -> Deportivo Macara vs El Nacional
B38: Club Guaraní vs Club Sportivo Luqueño / Correct Score | C38: Fulltbet | D38: 45991.832 | E38: 11.9375 | F38: 0.045 | G38: =IF(E38>0,E38/(1-F38),E38) -> 12.5 | H38: OMQB | I38: 1x0 | J38: 9 | K38: 100 | L38: =INT(base[[#This Row],[Data de liquidação]]) -> 45991 | M38: =base[[#This Row],[L/P Bruto]]-base[[#This Row],[L/P Líquido]] -> 0.5625 | N38: =base[[#This Row],[L/P Líquido]]/base[[#This Row],[Stake/Responsabilidade]] -> 0.119375 | O38: =IF(base[[#This Row],[L/P Líquido]]>0,1,0) -> 1 | Q38: =LEFT(base[[#This Row],[Evento / Mercado]],FIND("vs",base[[#This Row],[Evento / Mercado]])-2) -> Club Guaraní | R38: =IF(ISNUMBER(FIND("/",base[[#This Row],[Evento / Mercado]])),MID(base[[#This Row],[Evento / Mercado]],FIND("vs",base[[#This Row],[Evento / Mercado]])+3,FIND("/",base[[#This Row],[Evento / Mercado]])-FIND("vs",base[[#This Row],[Evento / Mercado]])-4),RIGHT(base[[#This Row],[Evento / Mercado]],LEN(base[[#This Row],[Evento / Mercado]])-FIND("vs",base[[#This Row],[Evento / Mercado]])-2)) -> Club Sportivo Luqueño | S38: =LEFT(base[[#This Row],[Evento / Mercado]],FIND("/",base[[#This Row],[Evento / Mercado]])-2) -> Club Guaraní vs Club Sportivo Luqueño | T38: 12.5 | U38: =T38*0.955 -> 11.9375
B39: Club Guaraní vs Club Sportivo Luqueño / Correct Score | C39: Fulltbet | D39: 45991.832 | E39: 5.3098 | F39: 0.045 | G39: =IF(E39>0,E39/(1-F39),E39) -> 5.56 | H39: OMQB | I39: 0x1 | J39: 19 | K39: 100.08 | L39: =INT(base[[#This Row],[Data de liquidação]]) -> 45991 | M39: =base[[#This Row],[L/P Bruto]]-base[[#This Row],[L/P Líquido]] -> 0.2502 | N39: =base[[#This Row],[L/P Líquido]]/base[[#This Row],[Stake/Responsabilidade]] -> 0.053055556 | O39: =IF(base[[#This Row],[L/P Líquido]]>0,1,0) -> 1 | Q39: =LEFT(base[[#This Row],[Evento / Mercado]],FIND("vs",base[[#This Row],[Evento / Mercado]])-2) -> Club Guaraní | R39: =IF(ISNUMBER(FIND("/",base[[#This Row],[Evento / Mercado]])),MID(base[[#This Row],[Evento / Mercado]],FIND("vs",base[[#This Row],[Evento / Mercado]])+3,FIND("/",base[[#This Row],[Evento / Mercado]])-FIND("vs",base[[#This Row],[Evento / Mercado]])-4),RIGHT(base[[#This Row],[Evento / Mercado]],LEN(base[[#This Row],[Evento / Mercado]])-FIND("vs",base[[#This Row],[Evento / Mercado]])-2)) -> Club Sportivo Luqueño | S39: =LEFT(base[[#This Row],[Evento / Mercado]],FIND("/",base[[#This Row],[Evento / Mercado]])-2) -> Club Guaraní vs Club Sportivo Luqueño | T39: 5.56 | U39: =T39*0.955 -> 5.3098
B40: Deportivo Saprissa vs AD Municipal Liberia / Correct Score | C40: Fulltbet | D40: 45991.879 | E40: 5.31 | F40: 0.045 | G40: =IF(E40>0,E40/(1-F40),E40) -> 5.5602094 | H40: OMQB | I40: 0x1 | J40: 19 | K40: 100.08 | L40: =INT(base[[#This Row],[Data de liquidação]]) -> 45991 | M40: =base[[#This Row],[L/P Bruto]]-base[[#This Row],[L/P Líquido]] -> 0.25020942 | N40: =base[[#This Row],[L/P Líquido]]/base[[#This Row],[Stake/Responsabilidade]] -> 0.053057554 | O40: =IF(base[[#This Row],[L/P Líquido]]>0,1,0) -> 1 | Q40: =LEFT(base[[#This Row],[Evento / Mercado]],FIND("vs",base[[#This Row],[Evento / Mercado]])-2) -> Deportivo Saprissa | R40: =IF(ISNUMBER(FIND("/",base[[#This Row],[Evento / Mercado]])),MID(base[[#This Row],[Evento / Mercado]],FIND("vs",base[[#This Row],[Evento / Mercado]])+3,FIND("/",base[[#This Row],[Evento / Mercado]])-FIND("vs",base[[#This Row],[Evento / Mercado]])-4),RIGHT(base[[#This Row],[Evento / Mercado]],LEN(base[[#This Row],[Evento / Mercado]])-FIND("vs",base[[#This Row],[Evento / Mercado]])-2)) -> AD Municipal Liberia | S40: =LEFT(base[[#This Row],[Evento / Mercado]],FIND("/",base[[#This Row],[Evento / Mercado]])-2) -> Deportivo Saprissa vs AD Municipal Liberia
B41: FC Ararat-Armenia vs Shirak Gumri / Correct Score | C41: Fulltbet | D41: 45992.395 | E41: 11.11 | F41: 0.045 | G41: =IF(E41>0,E41/(1-F41),E41) -> 11.633508 | H41: OMQB | I41: 1x0 | J41: 9.6 | K41: 100.02 | L41: =INT(base[[#This Row],[Data de liquidação]]) -> 45992 | M41: =base[[#This Row],[L/P Bruto]]-base[[#This Row],[L/P Líquido]] -> 0.52350785 | N41: =base[[#This Row],[L/P Líquido]]/base[[#This Row],[Stake/Responsabilidade]] -> 0.11107778 | O41: =IF(base[[#This Row],[L/P Líquido]]>0,1,0) -> 1 | Q41: =LEFT(base[[#This Row],[Evento / Mercado]],FIND("vs",base[[#This Row],[Evento / Mercado]])-2) -> FC Ararat-Armenia | R41: =IF(ISNUMBER(FIND("/",base[[#This Row],[Evento / Mercado]])),MID(base[[#This Row],[Evento / Mercado]],FIND("vs",base[[#This Row],[Evento / Mercado]])+3,FIND("/",base[[#This Row],[Evento / Mercado]])-FIND("vs",base[[#This Row],[Evento / Mercado]])-4),RIGHT(base[[#This Row],[Evento / Mercado]],LEN(base[[#This Row],[Evento / Mercado]])-FIND("vs",base[[#This Row],[Evento / Mercado]])-2)) -> Shirak Gumri | S41: =LEFT(base[[#This Row],[Evento / Mercado]],FIND("/",base[[#This Row],[Evento / Mercado]])-2) -> FC Ararat-Armenia vs Shirak Gumri
B42: Shakhtar Donetsk vs Kryvbas Kryvyi Rih / Correct Score | C42: Fulltbet | D42: 45992.623 | E42: 5.97 | F42: 0.045 | G42: =IF(E42>0,E42/(1-F42),E42) -> 6.2513089 | H42: OMQB | I42: 0x1 | J42: 17 | K42: 100 | L42: =INT(base[[#This Row],[Data de liquidação]]) -> 45992 | M42: =base[[#This Row],[L/P Bruto]]-base[[#This Row],[L/P Líquido]] -> 0.2813089 | N42: =base[[#This Row],[L/P Líquido]]/base[[#This Row],[Stake/Responsabilidade]] -> 0.0597 | O42: =IF(base[[#This Row],[L/P Líquido]]>0,1,0) -> 1 | Q42: =LEFT(base[[#This Row],[Evento / Mercado]],FIND("vs",base[[#This Row],[Evento / Mercado]])-2) -> Shakhtar Donetsk | R42: =IF(ISNUMBER(FIND("/",base[[#This Row],[Evento / Mercado]])),MID(base[[#This Row],[Evento / Mercado]],FIND("vs",base[[#This Row],[Evento / Mercado]])+3,FIND("/",base[[#This Row],[Evento / Mercado]])-FIND("vs",base[[#This Row],[Evento / Mercado]])-4),RIGHT(base[[#This Row],[Evento / Mercado]],LEN(base[[#This Row],[Evento / Mercado]])-FIND("vs",base[[#This Row],[Evento / Mercado]])-2)) -> Kryvbas Kryvyi Rih | S42: =LEFT(base[[#This Row],[Evento / Mercado]],FIND("/",base[[#This Row],[Evento / Mercado]])-2) -> Shakhtar Donetsk vs Kryvbas Kryvyi Rih
B43: Samsunspor vs Alanyaspor / Correct Score | C43: Fulltbet | D43: 45992.664 | E43: 5.97 | F43: 0.045 | G43: =IF(E43>0,E43/(1-F43),E43) -> 6.2513089 | H43: OMQB | I43: 0x1 | J43: 17 | K43: 100 | L43: =INT(base[[#This Row],[Data de liquidação]]) -> 45992 | M43: =base[[#This Row],[L/P Bruto]]-base[[#This Row],[L/P Líquido]] -> 0.2813089 | N43: =base[[#This Row],[L/P Líquido]]/base[[#This Row],[Stake/Responsabilidade]] -> 0.0597 | O43: =IF(base[[#This Row],[L/P Líquido]]>0,1,0) -> 1 | Q43: =LEFT(base[[#This Row],[Evento / Mercado]],FIND("vs",base[[#This Row],[Evento / Mercado]])-2) -> Samsunspor | R43: =IF(ISNUMBER(FIND("/",base[[#This Row],[Evento / Mercado]])),MID(base[[#This Row],[Evento / Mercado]],FIND("vs",base[[#This Row],[Evento / Mercado]])+3,FIND("/",base[[#This Row],[Evento / Mercado]])-FIND("vs",base[[#This Row],[Evento / Mercado]])-4),RIGHT(base[[#This Row],[Evento / Mercado]],LEN(base[[#This Row],[Evento / Mercado]])-FIND("vs",base[[#This Row],[Evento / Mercado]])-2)) -> Alanyaspor | S43: =LEFT(base[[#This Row],[Evento / Mercado]],FIND("/",base[[#This Row],[Evento / Mercado]])-2) -> Samsunspor vs Alanyaspor
B44: Bologna vs Cremonese / Correct Score | C44: Fulltbet | D44: 45992.782 | E44: 4.65 | F44: 0.045 | G44: =IF(E44>0,E44/(1-F44),E44) -> 4.8691099 | H44: OMQB | I44: 0x1 | J44: 21 | K44: 97.47 | L44: =INT(base[[#This Row],[Data de liquidação]]) -> 45992 | M44: =base[[#This Row],[L/P Bruto]]-base[[#This Row],[L/P Líquido]] -> 0.21910995 | N44: =base[[#This Row],[L/P Líquido]]/base[[#This Row],[Stake/Responsabilidade]] -> 0.047706987 | O44: =IF(base[[#This Row],[L/P Líquido]]>0,1,0) -> 1 | Q44: =LEFT(base[[#This Row],[Evento / Mercado]],FIND("vs",base[[#This Row],[Evento / Mercado]])-2) -> Bologna | R44: =IF(ISNUMBER(FIND("/",base[[#This Row],[Evento / Mercado]])),MID(base[[#This Row],[Evento / Mercado]],FIND("vs",base[[#This Row],[Evento / Mercado]])+3,FIND("/",base[[#This Row],[Evento / Mercado]])-FIND("vs",base[[#This Row],[Evento / Mercado]])-4),RIGHT(base[[#This Row],[Evento / Mercado]],LEN(base[[#This Row],[Evento / Mercado]])-FIND("vs",base[[#This Row],[Evento / Mercado]])-2)) -> Cremonese | S44: =LEFT(base[[#This Row],[Evento / Mercado]],FIND("/",base[[#This Row],[Evento / Mercado]])-2) -> Bologna vs Cremonese
B45: Racing Club vs Tigre / Correct Score | C45: Fulltbet | D45: 45992.979 | E45: 6.82 | F45: 0.045 | G45: =IF(E45>0,E45/(1-F45),E45) -> 7.1413613 | H45: OMQB | I45: 0x1 | J45: 15 | K45: 99.96 | L45: =INT(base[[#This Row],[Data de liquidação]]) -> 45992 | M45: =base[[#This Row],[L/P Bruto]]-base[[#This Row],[L/P Líquido]] -> 0.32136126 | N45: =base[[#This Row],[L/P Líquido]]/base[[#This Row],[Stake/Responsabilidade]] -> 0.068227291 | O45: =IF(base[[#This Row],[L/P Líquido]]>0,1,0) -> 1 | Q45: =LEFT(base[[#This Row],[Evento / Mercado]],FIND("vs",base[[#This Row],[Evento / Mercado]])-2) -> Racing Club | R45: =IF(ISNUMBER(FIND("/",base[[#This Row],[Evento / Mercado]])),MID(base[[#This Row],[Evento / Mercado]],FIND("vs",base[[#This Row],[Evento / Mercado]])+3,FIND("/",base[[#This Row],[Evento / Mercado]])-FIND("vs",base[[#This Row],[Evento / Mercado]])-4),RIGHT(base[[#This Row],[Evento / Mercado]],LEN(base[[#This Row],[Evento / Mercado]])-FIND("vs",base[[#This Row],[Evento / Mercado]])-2)) -> Tigre | S45: =LEFT(base[[#This Row],[Evento / Mercado]],FIND("/",base[[#This Row],[Evento / Mercado]])-2) -> Racing Club vs Tigre
B46: Independiente Medellín vs América de Cali / Correct Score | C46: Fulltbet | D46: 45993.006 | E46: 5.31 | F46: 0.045 | G46: =IF(E46>0,E46/(1-F46),E46) -> 5.5602094 | H46: OMQB | I46: 0x1 | J46: 19 | K46: 100.08 | L46: =INT(base[[#This Row],[Data de liquidação]]) -> 45993 | M46: =base[[#This Row],[L/P Bruto]]-base[[#This Row],[L/P Líquido]] -> 0.25020942 | N46: =base[[#This Row],[L/P Líquido]]/base[[#This Row],[Stake/Responsabilidade]] -> 0.053057554 | O46: =IF(base[[#This Row],[L/P Líquido]]>0,1,0) -> 1 | Q46: =LEFT(base[[#This Row],[Evento / Mercado]],FIND("vs",base[[#This Row],[Evento / Mercado]])-2) -> Independiente Medellín | R46: =IF(ISNUMBER(FIND("/",base[[#This Row],[Evento / Mercado]])),MID(base[[#This Row],[Evento / Mercado]],FIND("vs",base[[#This Row],[Evento / Mercado]])+3,FIND("/",base[[#This Row],[Evento / Mercado]])-FIND("vs",base[[#This Row],[Evento / Mercado]])-4),RIGHT(base[[#This Row],[Evento / Mercado]],LEN(base[[#This Row],[Evento / Mercado]])-FIND("vs",base[[#This Row],[Evento / Mercado]])-2)) -> América de Cali | S46: =LEFT(base[[#This Row],[Evento / Mercado]],FIND("/",base[[#This Row],[Evento / Mercado]])-2) -> Independiente Medellín vs América de Cali
B47: Ajax vs FC Groningen / Correct Score | C47: Fulltbet | D47: 45993.518 | E47: 9.09 | F47: 0.045 | G47: =IF(E47>0,E47/(1-F47),E47) -> 9.5183246 | H47: OMQB | I47: 0x1 | J47: 11.5 | K47: 99.96 | L47: =INT(base[[#This Row],[Data de liquidação]]) -> 45993 | M47: =base[[#This Row],[L/P Bruto]]-base[[#This Row],[L/P Líquido]] -> 0.42832461 | N47: =base[[#This Row],[L/P Líquido]]/base[[#This Row],[Stake/Responsabilidade]] -> 0.090936375 | O47: =IF(base[[#This Row],[L/P Líquido]]>0,1,0) -> 1 | Q47: =LEFT(base[[#This Row],[Evento / Mercado]],FIND("vs",base[[#This Row],[Evento / Mercado]])-2) -> Ajax | R47: =IF(ISNUMBER(FIND("/",base[[#This Row],[Evento / Mercado]])),MID(base[[#This Row],[Evento / Mercado]],FIND("vs",base[[#This Row],[Evento / Mercado]])+3,FIND("/",base[[#This Row],[Evento / Mercado]])-FIND("vs",base[[#This Row],[Evento / Mercado]])-4),RIGHT(base[[#This Row],[Evento / Mercado]],LEN(base[[#This Row],[Evento / Mercado]])-FIND("vs",base[[#This Row],[Evento / Mercado]])-2)) -> FC Groningen | S47: =LEFT(base[[#This Row],[Evento / Mercado]],FIND("/",base[[#This Row],[Evento / Mercado]])-2) -> Ajax vs FC Groningen
B48: Borussia Mönchengladbach vs FC St. Pauli / Correct Score | C48: Fulltbet | D48: 45993.663 | E48: 6.82 | F48: 0.045 | G48: =IF(E48>0,E48/(1-F48),E48) -> 7.1413613 | H48: OMQB | I48: 0x1 | J48: 15 | K48: 99.96 | L48: =INT(base[[#This Row],[Data de liquidação]]) -> 45993 | M48: =base[[#This Row],[L/P Bruto]]-base[[#This Row],[L/P Líquido]] -> 0.32136126 | N48: =base[[#This Row],[L/P Líquido]]/base[[#This Row],[Stake/Responsabilidade]] -> 0.068227291 | O48: =IF(base[[#This Row],[L/P Líquido]]>0,1,0) -> 1 | Q48: =LEFT(base[[#This Row],[Evento / Mercado]],FIND("vs",base[[#This Row],[Evento / Mercado]])-2) -> Borussia Mönchengladbach | R48: =IF(ISNUMBER(FIND("/",base[[#This Row],[Evento / Mercado]])),MID(base[[#This Row],[Evento / Mercado]],FIND("vs",base[[#This Row],[Evento / Mercado]])+3,FIND("/",base[[#This Row],[Evento / Mercado]])-FIND("vs",base[[#This Row],[Evento / Mercado]])-4),RIGHT(base[[#This Row],[Evento / Mercado]],LEN(base[[#This Row],[Evento / Mercado]])-FIND("vs",base[[#This Row],[Evento / Mercado]])-2)) -> FC St. Pauli | S48: =LEFT(base[[#This Row],[Evento / Mercado]],FIND("/",base[[#This Row],[Evento / Mercado]])-2) -> Borussia Mönchengladbach vs FC St. Pauli
B49: Algeria vs Sudan / Correct Score | C49: Fulltbet | D49: 45994.456 | E49: 5.31 | F49: 0.045 | G49: =IF(E49>0,E49/(1-F49),E49) -> 5.5602094 | H49: OMQB | I49: 0x1 | J49: 19 | K49: 100.08 | L49: =INT(base[[#This Row],[Data de liquidação]]) -> 45994 | M49: =base[[#This Row],[L/P Bruto]]-base[[#This Row],[L/P Líquido]] -> 0.25020942 | N49: =base[[#This Row],[L/P Líquido]]/base[[#This Row],[Stake/Responsabilidade]] -> 0.053057554 | O49: =IF(base[[#This Row],[L/P Líquido]]>0,1,0) -> 1 | Q49: =LEFT(base[[#This Row],[Evento / Mercado]],FIND("vs",base[[#This Row],[Evento / Mercado]])-2) -> Algeria | R49: =IF(ISNUMBER(FIND("/",base[[#This Row],[Evento / Mercado]])),MID(base[[#This Row],[Evento / Mercado]],FIND("vs",base[[#This Row],[Evento / Mercado]])+3,FIND("/",base[[#This Row],[Evento / Mercado]])-FIND("vs",base[[#This Row],[Evento / Mercado]])-4),RIGHT(base[[#This Row],[Evento / Mercado]],LEN(base[[#This Row],[Evento / Mercado]])-FIND("vs",base[[#This Row],[Evento / Mercado]])-2)) -> Sudan | S49: =LEFT(base[[#This Row],[Evento / Mercado]],FIND("/",base[[#This Row],[Evento / Mercado]])-2) -> Algeria vs Sudan
B50: Atalanta vs Genoa / Correct Score | C50: Fulltbet | D50: 45994.538 | E50: 5.31 | F50: 0.045 | G50: =IF(E50>0,E50/(1-F50),E50) -> 5.5602094 | H50: OMQB | I50: 0x1 | J50: 19 | K50: 100.08 | L50: =INT(base[[#This Row],[Data de liquidação]]) -> 45994 | M50: =base[[#This Row],[L/P Bruto]]-base[[#This Row],[L/P Líquido]] -> 0.25020942 | N50: =base[[#This Row],[L/P Líquido]]/base[[#This Row],[Stake/Responsabilidade]] -> 0.053057554 | O50: =IF(base[[#This Row],[L/P Líquido]]>0,1,0) -> 1 | Q50: =LEFT(base[[#This Row],[Evento / Mercado]],FIND("vs",base[[#This Row],[Evento / Mercado]])-2) -> Atalanta | R50: =IF(ISNUMBER(FIND("/",base[[#This Row],[Evento / Mercado]])),MID(base[[#This Row],[Evento / Mercado]],FIND("vs",base[[#This Row],[Evento / Mercado]])+3,FIND("/",base[[#This Row],[Evento / Mercado]])-FIND("vs",base[[#This Row],[Evento / Mercado]])-4),RIGHT(base[[#This Row],[Evento / Mercado]],LEN(base[[#This Row],[Evento / Mercado]])-FIND("vs",base[[#This Row],[Evento / Mercado]])-2)) -> Genoa | S50: =LEFT(base[[#This Row],[Evento / Mercado]],FIND("/",base[[#This Row],[Evento / Mercado]])-2) -> Atalanta vs Genoa
B51: FC Botosani vs Afc Hermannstadt / Correct Score | C51: Fulltbet | D51: 45994.576 | E51: 6.82 | F51: 0.045 | G51: =IF(E51>0,E51/(1-F51),E51) -> 7.1413613 | H51: OMQB | I51: 0x1 | J51: 15 | K51: 99.96 | L51: =INT(base[[#This Row],[Data de liquidação]]) -> 45994 | M51: =base[[#This Row],[L/P Bruto]]-base[[#This Row],[L/P Líquido]] -> 0.32136126 | N51: =base[[#This Row],[L/P Líquido]]/base[[#This Row],[Stake/Responsabilidade]] -> 0.068227291 | O51: =IF(base[[#This Row],[L/P Líquido]]>0,1,0) -> 1 | Q51: =LEFT(base[[#This Row],[Evento / Mercado]],FIND("vs",base[[#This Row],[Evento / Mercado]])-2) -> FC Botosani | R51: =IF(ISNUMBER(FIND("/",base[[#This Row],[Evento / Mercado]])),MID(base[[#This Row],[Evento / Mercado]],FIND("vs",base[[#This Row],[Evento / Mercado]])+3,FIND("/",base[[#This Row],[Evento / Mercado]])-FIND("vs",base[[#This Row],[Evento / Mercado]])-4),RIGHT(base[[#This Row],[Evento / Mercado]],LEN(base[[#This Row],[Evento / Mercado]])-FIND("vs",base[[#This Row],[Evento / Mercado]])-2)) -> Afc Hermannstadt | S51: =LEFT(base[[#This Row],[Evento / Mercado]],FIND("/",base[[#This Row],[Evento / Mercado]])-2) -> FC Botosani vs Afc Hermannstadt
... B55: Kahraba Ismailia vs Pyramids FC / Correct Score | C55: Fulltbet | D55: 45994.709 | E55: 17.69 | F55: 0.045 | G55: =IF(E55>0,E55/(1-F55),E55) -> 18.52356 | H55: OMQB | I55: 0x1 | J55: 6.4 | K55: 100.01 | L55: =INT(base[[#This Row],[Data de liquidação]]) -> 45994 | M55: =base[[#This Row],[L/P Bruto]]-base[[#This Row],[L/P Líquido]] -> 0.83356021 | N55: =base[[#This Row],[L/P Líquido]]/base[[#This Row],[Stake/Responsabilidade]] -> 0.17688231 | O55: =IF(base[[#This Row],[L/P Líquido]]>0,1,0) -> 1 | Q55: =LEFT(base[[#This Row],[Evento / Mercado]],FIND("vs",base[[#This Row],[Evento / Mercado]])-2) -> Kahraba Ismailia | R55: =IF(ISNUMBER(FIND("/",base[[#This Row],[Evento / Mercado]])),MID(base[[#This Row],[Evento / Mercado]],FIND("vs",base[[#This Row],[Evento / Mercado]])+3,FIND("/",base[[#This Row],[Evento / Mercado]])-FIND("vs",base[[#This Row],[Evento / Mercado]])-4),RIGHT(base[[#This Row],[Evento / Mercado]],LEN(base[[#This Row],[Evento / Mercado]])-FIND("vs",base[[#This Row],[Evento / Mercado]])-2)) -> Pyramids FC | S55: =LEFT(base[[#This Row],[Evento / Mercado]],FIND("/",base[[#This Row],[Evento / Mercado]])-2) -> Kahraba Ismailia vs Pyramids FC
B56: Leeds United vs Chelsea / Half-time Correct Score | C56: Fulltbet | D56: 45994.752 | E56: 25.14 | F56: 0.045 | G56: =IF(E56>0,E56/(1-F56),E56) -> 26.324607 | H56: Lay CS | I56: 0x1 Favorito | J56: 4.7 | K56: 97.38 | L56: =INT(base[[#This Row],[Data de liquidação]]) -> 45994 | M56: =base[[#This Row],[L/P Bruto]]-base[[#This Row],[L/P Líquido]] -> 1.1846073 | N56: =base[[#This Row],[L/P Líquido]]/base[[#This Row],[Stake/Responsabilidade]] -> 0.25816389 | O56: =IF(base[[#This Row],[L/P Líquido]]>0,1,0) -> 1 | P56: Inglaterra 1 | Q56: =LEFT(base[[#This Row],[Evento / Mercado]],FIND("vs",base[[#This Row],[Evento / Mercado]])-2) -> Leeds United | R56: =IF(ISNUMBER(FIND("/",base[[#This Row],[Evento / Mercado]])),MID(base[[#This Row],[Evento / Mercado]],FIND("vs",base[[#This Row],[Evento / Mercado]])+3,FIND("/",base[[#This Row],[Evento / Mercado]])-FIND("vs",base[[#This Row],[Evento / Mercado]])-4),RIGHT(base[[#This Row],[Evento / Mercado]],LEN(base[[#This Row],[Evento / Mercado]])-FIND("vs",base[[#This Row],[Evento / Mercado]])-2)) -> Chelsea | S56: =LEFT(base[[#This Row],[Evento / Mercado]],FIND("/",base[[#This Row],[Evento / Mercado]])-2) -> Leeds United vs Chelsea | W56: =IF(ISNUMBER(FIND("/",#REF!)),1,0) -> 0
B57: SK Puntigamer Sturm Graz vs WSG Tirol / Correct Score | C57: Fulltbet | D57: 45994.766 | E57: 5.79 | F57: 0.045 | G57: =IF(E57>0,E57/(1-F57),E57) -> 6.0628272 | H57: OMQB | I57: 0x1 | J57: 17.5 | K57: 99.99 | L57: =INT(base[[#This Row],[Data de liquidação]]) -> 45994 | M57: =base[[#This Row],[L/P Bruto]]-base[[#This Row],[L/P Líquido]] -> 0.27282723 | N57: =base[[#This Row],[L/P Líquido]]/base[[#This Row],[Stake/Responsabilidade]] -> 0.057905791 | O57: =IF(base[[#This Row],[L/P Líquido]]>0,1,0) -> 1 | Q57: =LEFT(base[[#This Row],[Evento / Mercado]],FIND("vs",base[[#This Row],[Evento / Mercado]])-2) -> SK Puntigamer Sturm Graz | R57: =IF(ISNUMBER(FIND("/",base[[#This Row],[Evento / Mercado]])),MID(base[[#This Row],[Evento / Mercado]],FIND("vs",base[[#This Row],[Evento / Mercado]])+3,FIND("/",base[[#This Row],[Evento / Mercado]])-FIND("vs",base[[#This Row],[Evento / Mercado]])-4),RIGHT(base[[#This Row],[Evento / Mercado]],LEN(base[[#This Row],[Evento / Mercado]])-FIND("vs",base[[#This Row],[Evento / Mercado]])-2)) -> WSG Tirol | S57: =LEFT(base[[#This Row],[Evento / Mercado]],FIND("/",base[[#This Row],[Evento / Mercado]])-2) -> SK Puntigamer Sturm Graz vs WSG Tirol
B58: Union Saint Gilloise vs Zulte Waregem / Correct Score | C58: Fulltbet | D58: 45994.766 | E58: 5.31 | F58: 0.045 | G58: =IF(E58>0,E58/(1-F58),E58) -> 5.5602094 | H58: OMQB | I58: 0x1 | J58: 19 | K58: 100.08 | L58: =INT(base[[#This Row],[Data de liquidação]]) -> 45994 | M58: =base[[#This Row],[L/P Bruto]]-base[[#This Row],[L/P Líquido]] -> 0.25020942 | N58: =base[[#This Row],[L/P Líquido]]/base[[#This Row],[Stake/Responsabilidade]] -> 0.053057554 | O58: =IF(base[[#This Row],[L/P Líquido]]>0,1,0) -> 1 | Q58: =LEFT(base[[#This Row],[Evento / Mercado]],FIND("vs",base[[#This Row],[Evento / Mercado]])-2) -> Union Saint Gilloise | R58: =IF(ISNUMBER(FIND("/",base[[#This Row],[Evento / Mercado]])),MID(base[[#This Row],[Evento / Mercado]],FIND("vs",base[[#This Row],[Evento / Mercado]])+3,FIND("/",base[[#This Row],[Evento / Mercado]])-FIND("vs",base[[#This Row],[Evento / Mercado]])-4),RIGHT(base[[#This Row],[Evento / Mercado]],LEN(base[[#This Row],[Evento / Mercado]])-FIND("vs",base[[#This Row],[Evento / Mercado]])-2)) -> Zulte Waregem | S58: =LEFT(base[[#This Row],[Evento / Mercado]],FIND("/",base[[#This Row],[Evento / Mercado]])-2) -> Union Saint Gilloise vs Zulte Waregem
B59: Arsenal vs Brentford / Correct Score | C59: Fulltbet | D59: 45994.768 | E59: 4.34525 | F59: 0.045 | G59: =IF(E59>0,E59/(1-F59),E59) -> 4.55 | H59: OMQB | I59: 0x1 | J59: 23 | K59: 100.1 | L59: =INT(base[[#This Row],[Data de liquidação]]) -> 45994 | M59: =base[[#This Row],[L/P Bruto]]-base[[#This Row],[L/P Líquido]] -> 0.20475 | N59: =base[[#This Row],[L/P Líquido]]/base[[#This Row],[Stake/Responsabilidade]] -> 0.043409091 | O59: =IF(base[[#This Row],[L/P Líquido]]>0,1,0) -> 1 | Q59: =LEFT(base[[#This Row],[Evento / Mercado]],FIND("vs",base[[#This Row],[Evento / Mercado]])-2) -> Arsenal | R59: =IF(ISNUMBER(FIND("/",base[[#This Row],[Evento / Mercado]])),MID(base[[#This Row],[Evento / Mercado]],FIND("vs",base[[#This Row],[Evento / Mercado]])+3,FIND("/",base[[#This Row],[Evento / Mercado]])-FIND("vs",base[[#This Row],[Evento / Mercado]])-4),RIGHT(base[[#This Row],[Evento / Mercado]],LEN(base[[#This Row],[Evento / Mercado]])-FIND("vs",base[[#This Row],[Evento / Mercado]])-2)) -> Brentford | S59: =LEFT(base[[#This Row],[Evento / Mercado]],FIND("/",base[[#This Row],[Evento / Mercado]])-2) -> Arsenal vs Brentford | T59: 4.55 | U59: =T59*0.955 -> 4.34525
